Date,Time,Temp,SpCond,pH,pHmV,Chloride,AmmoniumN,NitrateN,Turbidity.,DO
9/18/2015,12:10:49,14.76,0.754,7.18,-36.4,51.22,3.35,0,3.7,92.65
9/18/2015,12:15:50,14.64,0.75,7.14,-34.1,49.62,6.29,0,-0.2,93.73
9/18/2015,12:20:51,14.57,0.75,7.14,-33.9,49.75,7.84,0,-0.1,93.95
9/18/2015,12:25:51,14.51,0.749,7.13,-33.9,50.32,7.67,0,-0.2,93.23
9/18/2015,12:30:51,14.5,0.749,7.13,-33.6,50.74,7.13,0,0,92.74
9/18/2015,12:35:51,14.63,0.749,7.13,-33.5,50.84,6.49,0,0,93.71
9/18/2015,12:40:51,14.69,0.749,7.13,-33.6,50.66,5.78,0,-0.2,94.56
9/18/2015,12:45:51,14.66,0.749,7.12,-33.3,50.23,5.32,0,-0.2,94.16
9/18/2015,12:50:52,14.65,0.749,7.12,-33.3,50.49,4.89,0,-0.2,93.58
9/18/2015,12:55:51,14.69,0.749,7.12,-33.1,50.04,4.6,0,-0.2,93.8
9/18/2015,13:00:52,14.7,0.749,7.12,-33.3,50.39,4.35,0,-0.2,94.19
9/18/2015,13:05:52,14.72,0.749,7.12,-33.2,50.24,4.13,0,-0.1,94.33
9/18/2015,13:10:52,14.6,0.75,7.12,-33,50.1,4.03,0,0,93.62
9/18/2015,13:15:52,14.59,0.75,7.12,-33,50.17,3.84,0,-0.2,93.42
9/18/2015,13:20:51,14.64,0.75,7.12,-33.1,50.43,3.73,0,-0.2,93.91
9/18/2015,13:25:52,14.66,0.75,7.12,-33.1,50.42,3.58,0,-0.2,94.07
9/18/2015,13:30:52,14.61,0.75,7.12,-32.9,50.25,3.5,0,-0.2,92.87
9/18/2015,13:35:51,14.63,0.75,7.12,-32.8,50.14,3.43,0,-0.2,92.78
9/18/2015,13:40:52,14.7,0.75,7.12,-33,50.02,3.34,0,-0.2,94.04
9/18/2015,13:45:52,14.74,0.75,7.12,-33.1,50.38,3.28,0,-0.2,94.14
9/18/2015,13:50:52,14.76,0.75,7.12,-33,50.11,3.21,0,-0.2,93.89
9/18/2015,13:55:51,14.68,0.75,7.12,-33,50.45,3.2,0,-0.1,93.74
9/18/2015,14:00:52,14.62,0.75,7.12,-33.1,50.82,3.18,0,-0.2,93.13
9/18/2015,14:05:52,14.54,0.75,7.11,-32.8,50.46,3.15,0,-0.2,92.75
9/18/2015,14:10:52,14.51,0.75,7.11,-32.7,50.51,3.14,0,-0.2,92.55
9/18/2015,14:15:52,14.49,0.75,7.12,-32.9,50.97,3.09,0,-0.2,92.5
9/18/2015,14:20:52,14.52,0.75,7.12,-32.8,50.81,3.07,0,-0.1,92.7
9/18/2015,14:25:52,14.49,0.75,7.11,-32.7,50.62,3.09,0,-0.2,92.49
9/18/2015,14:30:52,14.46,0.75,7.11,-32.8,51,3.04,0,-0.1,91.66
9/18/2015,14:35:52,14.42,0.75,7.11,-32.7,50.75,3.05,0,-0.2,91.16
9/18/2015,14:40:52,14.39,0.75,7.12,-32.8,51.41,3.06,0,-0.3,91.25
9/18/2015,14:45:52,14.4,0.75,7.11,-32.6,51.1,3.07,0,-0.2,91.8
9/18/2015,14:50:52,14.41,0.75,7.11,-32.7,51.06,3.06,0,-0.2,91.73
9/18/2015,14:55:52,14.43,0.75,7.11,-32.5,50.85,3.08,0,-0.2,91.14
9/18/2015,15:00:52,14.41,0.75,7.11,-32.5,50.75,3.11,0,-0.2,90.61
9/18/2015,15:05:52,14.38,0.75,7.11,-32.5,50.7,3.09,0,-0.1,90.24
9/18/2015,15:10:52,14.34,0.75,7.11,-32.4,50.68,3.07,0,-0.2,89.9
9/18/2015,15:15:52,14.3,0.75,7.11,-32.4,51.1,3.07,0,-0.2,89.64
9/18/2015,15:20:52,14.29,0.75,7.11,-32.3,50.74,3.11,0,-0.2,89.25
9/18/2015,15:25:52,14.29,0.75,7.11,-32.3,50.65,3.13,0,0,89
9/18/2015,15:30:52,14.29,0.75,7.1,-32.2,50.7,3.12,0,-0.2,88.39
9/18/2015,15:35:52,14.27,0.75,7.11,-32.3,51.12,3.15,0,-0.2,88.2
9/18/2015,15:40:52,14.28,0.75,7.1,-32.2,50.79,3.16,0,-0.2,88.73
9/18/2015,15:45:52,14.25,0.75,7.11,-32.2,51.44,3.15,0,0.1,88.62
9/18/2015,15:50:53,14.25,0.75,7.1,-32.2,51.34,3.14,0,-0.1,88.22
9/18/2015,15:55:52,14.25,0.75,7.1,-32.1,51.28,3.18,0,0,87.93
9/18/2015,16:00:52,14.25,0.75,7.11,-32.3,51.24,3.18,0,1.7,87.95
9/18/2015,16:05:53,14.25,0.75,7.11,-32.3,50.76,3.16,0,-0.2,88.05
9/18/2015,16:10:53,14.24,0.75,7.1,-32.1,50.3,3.18,0,146.6,88
9/18/2015,16:15:53,14.24,0.75,7.1,-32.1,50.58,3.23,0,-0.2,88.07
9/18/2015,16:20:53,14.25,0.75,7.1,-32.2,50.98,3.19,0,0,88.02
9/18/2015,16:25:53,14.25,0.75,7.11,-32.4,52.04,3.19,0,-0.2,87.79
9/18/2015,16:30:52,14.25,0.75,7.1,-32.1,50.88,3.24,0,1.4,87.47
9/18/2015,16:35:52,14.23,0.75,7.1,-32,50.81,3.2,0,-0.1,87.2
9/18/2015,16:40:53,14.2,0.75,7.1,-31.9,51.05,3.3,0,-0.2,86.81
9/18/2015,16:45:53,14.19,0.75,7.1,-32,51.49,3.23,0,-0.2,86.35
9/18/2015,16:50:53,14.18,0.75,7.1,-31.9,51.05,3.27,0,-0.2,85.71
9/18/2015,16:55:53,14.16,0.75,7.1,-31.7,50.88,3.31,0,-0.2,85.17
9/18/2015,17:00:53,14.15,0.75,7.1,-31.7,50.69,3.26,0,-0.2,84.46
9/18/2015,17:05:52,14.14,0.75,7.1,-31.7,51.22,3.27,0,-0.2,83.68
9/18/2015,17:10:52,14.13,0.75,7.1,-31.8,51.02,3.3,0,-0.2,83.51
9/18/2015,17:15:52,14.13,0.75,7.09,-31.7,50.7,3.35,0,15.8,83.65
9/18/2015,17:20:53,14.13,0.75,7.1,-31.8,51.57,3.29,0,0,83.86
9/18/2015,17:25:53,14.14,0.75,7.1,-31.7,51.24,3.35,0,-0.2,84.13
9/18/2015,17:30:53,14.14,0.75,7.1,-31.8,51.37,3.33,0,0,84.16
9/18/2015,17:35:53,14.15,0.75,7.1,-31.9,51.48,3.36,0,0,84.18
9/18/2015,17:40:53,14.14,0.75,7.1,-31.7,51.23,3.4,0,-0.2,84.17
9/18/2015,17:45:53,14.13,0.75,7.09,-31.6,51.08,3.35,0,-0.2,83.86
9/18/2015,17:50:53,14.13,0.75,7.09,-31.6,51.04,3.37,0,-0.1,83.54
9/18/2015,17:55:53,14.13,0.75,7.09,-31.6,51.41,3.4,0,-0.1,83.23
9/18/2015,18:00:53,14.14,0.75,7.09,-31.6,51.2,3.36,0,-0.1,82.95
9/18/2015,18:05:53,14.15,0.75,7.09,-31.6,51.36,3.39,0,-0.1,82.78
9/18/2015,18:10:53,14.16,0.75,7.09,-31.6,51.39,3.42,0,-0.2,82.67
9/18/2015,18:15:53,14.14,0.75,7.1,-31.8,51.53,3.4,0,-0.2,82.71
9/18/2015,18:20:53,14.13,0.75,7.1,-31.7,52.22,3.42,0,-0.3,82.59
9/18/2015,18:25:53,14.12,0.75,7.09,-31.6,50.63,3.46,0,-0.2,82.29
9/18/2015,18:30:53,14.12,0.75,7.09,-31.7,51.74,3.45,0,0,82.12
9/18/2015,18:35:53,14.12,0.751,7.09,-31.5,51.27,3.46,0,-0.2,81.96
9/18/2015,18:40:53,14.11,0.75,7.09,-31.4,51.27,3.48,0,0.1,81.93
9/18/2015,18:45:52,14.1,0.751,7.09,-31.4,51.49,3.49,0,0,81.84
9/18/2015,18:50:52,14.1,0.75,7.09,-31.6,51.84,3.47,0,0,81.63
9/18/2015,18:55:53,14.12,0.751,7.09,-31.4,51.32,3.46,0,-0.2,81.43
9/18/2015,19:00:53,14.13,0.751,7.09,-31.6,51.75,3.46,0,-0.3,81.27
9/18/2015,19:05:53,14.13,0.751,7.09,-31.6,51.63,3.47,0,-0.1,81.16
9/18/2015,19:10:53,14.12,0.751,7.09,-31.6,51.29,3.48,0,-0.1,81.01
9/18/2015,19:15:53,14.11,0.75,7.09,-31.5,50.84,3.51,0,-0.1,80.84
9/18/2015,19:20:53,14.11,0.751,7.09,-31.5,51.39,3.47,0,0,80.81
9/18/2015,19:25:53,14.12,0.751,7.09,-31.5,51.13,3.52,0,-0.1,80.78
9/18/2015,19:30:53,14.13,0.751,7.09,-31.7,51.55,3.54,0,0,80.74
9/18/2015,19:35:53,14.13,0.751,7.09,-31.5,51.38,3.54,0,0.1,80.72
9/18/2015,19:40:53,14.12,0.751,7.09,-31.6,51.46,3.55,0,0.1,80.64
9/18/2015,19:45:53,14.14,0.751,7.09,-31.5,51.22,3.51,0,0.1,80.69
9/18/2015,19:50:53,14.15,0.751,7.09,-31.5,51.48,3.57,0,0.1,80.64
9/18/2015,19:55:53,14.15,0.751,7.09,-31.5,51.29,3.56,0,0,80.62
9/18/2015,20:00:53,14.19,0.751,7.09,-31.5,51.29,3.58,0,0.1,80.64
9/18/2015,20:05:53,14.17,0.751,7.09,-31.5,51.5,3.57,0,0,80.64
9/18/2015,20:10:53,14.16,0.751,7.09,-31.5,51.51,3.58,0,-0.1,80.59
9/18/2015,20:15:53,14.16,0.751,7.09,-31.5,51.28,3.56,0,0.2,80.56
9/18/2015,20:20:52,14.19,0.751,7.09,-31.6,51.97,3.58,0,0.1,80.67
9/18/2015,20:25:52,14.18,0.751,7.09,-31.7,52.04,3.64,0,0,80.63
9/18/2015,20:30:52,14.17,0.751,7.09,-31.6,51.83,3.56,0,0,80.58
9/18/2015,20:35:53,14.16,0.751,7.09,-31.4,51.26,3.54,0,0.1,80.45
9/18/2015,20:40:53,14.13,0.751,7.09,-31.6,51.82,3.56,0,0.5,80.48
9/18/2015,20:45:53,14.15,0.751,7.09,-31.6,51.61,3.57,0,-0.2,80.6
9/18/2015,20:50:53,14.16,0.751,7.09,-31.4,50.76,3.61,0,0,80.48
9/18/2015,20:55:53,14.14,0.751,7.09,-31.5,51.2,3.62,0,0,80.53
9/18/2015,21:00:53,14.16,0.751,7.09,-31.4,50.79,3.63,0,-0.1,80.56
9/18/2015,21:05:53,14.14,0.751,7.09,-31.4,50.9,3.61,0,-0.1,80.49
9/18/2015,21:10:53,14.13,0.751,7.09,-31.4,50.85,3.59,0,-0.2,80.48
9/18/2015,21:15:53,14.14,0.751,7.09,-31.4,50.86,3.6,0,-0.1,80.55
9/18/2015,21:20:53,14.12,0.751,7.09,-31.5,51.11,3.58,0,-0.1,80.47
9/18/2015,21:25:53,14.13,0.751,7.09,-31.4,50.74,3.61,0,-0.1,80.49
9/18/2015,21:30:53,14.13,0.751,7.09,-31.4,50.6,3.63,0,0,80.51
9/18/2015,21:35:52,14.13,0.751,7.09,-31.5,51.01,3.6,0,-0.1,80.42
9/18/2015,21:40:52,14.12,0.751,7.09,-31.3,50.76,3.6,0,0,80.43
9/18/2015,21:45:53,14.14,0.751,7.09,-31.4,50.87,3.62,0,-0.2,80.4
9/18/2015,21:50:53,14.13,0.751,7.09,-31.4,50.9,3.6,0,-0.1,80.3
9/18/2015,21:55:52,14.14,0.751,7.09,-31.4,51.12,3.66,0,-0.1,80.35
9/18/2015,22:00:53,14.13,0.751,7.09,-31.5,51.5,3.6,0,0,80.37
9/18/2015,22:05:52,14.13,0.751,7.09,-31.6,51.44,3.64,0,-0.1,80.37
9/18/2015,22:10:53,14.14,0.751,7.09,-31.4,51.08,3.65,0,0,80.51
9/18/2015,22:15:53,14.12,0.751,7.09,-31.4,50.98,3.6,0,0,80.43
9/18/2015,22:20:53,14.13,0.751,7.09,-31.6,51.56,3.66,0,0,80.47
9/18/2015,22:25:53,14.13,0.751,7.09,-31.4,50.98,3.61,0,0.3,80.48
9/18/2015,22:30:53,14.12,0.751,7.09,-31.4,51.29,3.63,0,0,80.44
9/18/2015,22:35:53,14.12,0.751,7.09,-31.5,51.34,3.61,0,0.1,80.43
9/18/2015,22:40:53,14.1,0.751,7.09,-31.4,51.12,3.61,0,-0.2,80.54
9/18/2015,22:45:53,14.1,0.751,7.09,-31.4,50.96,3.66,0,-0.2,80.48
9/18/2015,22:50:52,14.11,0.751,7.09,-31.6,51.49,3.65,0,0,80.53
9/18/2015,22:55:52,14.1,0.751,7.09,-31.5,51.33,3.64,0,-0.2,80.43
9/18/2015,23:00:52,14.1,0.751,7.09,-31.6,51.8,3.65,0,0,80.54
9/18/2015,23:05:53,14.1,0.751,7.09,-31.4,51.36,3.63,0,-0.1,80.51
9/18/2015,23:10:53,14.1,0.751,7.09,-31.4,51.46,3.57,0,-0.1,80.49
9/18/2015,23:15:52,14.11,0.751,7.09,-31.4,51.37,3.64,0,0,80.51
9/18/2015,23:20:53,14.12,0.751,7.09,-31.5,51.43,3.64,0,-0.2,80.51
9/18/2015,23:25:53,14.11,0.751,7.09,-31.6,51.77,3.59,0,-0.2,80.58
9/18/2015,23:30:53,14.1,0.752,7.09,-31.6,51.8,3.66,0,-0.2,80.42
9/18/2015,23:35:53,14.1,0.751,7.09,-31.6,51.58,3.66,0,-0.1,80.52
9/18/2015,23:40:53,14.13,0.751,7.09,-31.5,51.28,3.63,0,-0.2,80.55
9/18/2015,23:45:53,14.12,0.752,7.09,-31.4,51.24,3.63,0,-0.2,80.44
9/18/2015,23:50:53,14.12,0.751,7.09,-31.6,51.54,3.66,0,-0.1,80.47
9/18/2015,23:55:53,14.11,0.751,7.09,-31.4,51.24,3.66,0,0,80.52
9/19/2015,0:00:53,14.1,0.752,7.09,-31.3,51.2,3.63,0,-0.2,80.48
9/19/2015,0:05:53,14.09,0.752,7.09,-31.3,51.32,3.57,0,-0.1,80.48
9/19/2015,0:10:53,14.09,0.752,7.09,-31.3,51.2,3.59,0,-0.2,80.53
9/19/2015,0:15:53,14.09,0.752,7.09,-31.4,51.33,3.63,0,-0.1,80.52
9/19/2015,0:20:53,14.1,0.752,7.09,-31.4,51.66,3.62,0,-0.2,80.56
9/19/2015,0:25:53,14.09,0.752,7.09,-31.4,51.74,3.63,0,-0.1,80.55
9/19/2015,0:30:53,14.08,0.752,7.09,-31.4,51.86,3.6,0,-0.2,80.47
9/19/2015,0:35:53,14.08,0.751,7.09,-31.3,51.52,3.63,0,0,80.48
9/19/2015,0:40:53,14.1,0.752,7.09,-31.4,51.44,3.7,0,-0.2,80.49
9/19/2015,0:45:53,14.1,0.752,7.09,-31.4,51.57,3.61,0,0,80.53
9/19/2015,0:50:53,14.11,0.752,7.09,-31.4,51.62,3.63,0,1.5,80.48
9/19/2015,0:55:53,14.1,0.752,7.09,-31.5,51.88,3.6,0,0.1,80.43
9/19/2015,1:00:53,14.11,0.752,7.09,-31.4,51.41,3.64,0,0.2,80.46
9/19/2015,1:05:53,14.11,0.752,7.09,-31.6,51.79,3.63,0,0,80.58
9/19/2015,1:10:53,14.1,0.752,7.09,-31.5,52.06,3.61,0,0.1,80.61
9/19/2015,1:15:53,14.1,0.752,7.09,-31.4,52.32,3.59,0,0,80.53
9/19/2015,1:20:53,14.11,0.751,7.09,-31.6,52.39,3.57,0,0.1,80.58
9/19/2015,1:25:53,14.11,0.752,7.09,-31.4,52.12,3.63,0,0,80.54
9/19/2015,1:30:53,14.11,0.752,7.09,-31.6,52.3,3.65,0,-0.1,80.58
9/19/2015,1:35:53,14.1,0.752,7.09,-31.3,51.91,3.65,0,0,80.58
9/19/2015,1:40:53,14.1,0.751,7.09,-31.3,51.85,3.64,0,1,80.53
9/19/2015,1:45:53,14.1,0.751,7.09,-31.5,52.43,3.6,0,0.6,80.44
9/19/2015,1:50:53,14.11,0.752,7.09,-31.4,51.99,3.64,0,0.7,80.49
9/19/2015,1:55:53,14.11,0.752,7.09,-31.4,51.79,3.63,0,0.6,80.49
9/19/2015,2:00:53,14.12,0.751,7.09,-31.6,52.46,3.66,0,0.1,80.49
9/19/2015,2:05:53,14.12,0.751,7.09,-31.4,52.01,3.67,0,0.1,80.52
9/19/2015,2:10:53,14.12,0.751,7.09,-31.4,51.95,3.64,0,0,80.53
9/19/2015,2:15:53,14.12,0.751,7.09,-31.3,51.59,3.68,0,0.3,80.58
9/19/2015,2:20:53,14.15,0.749,7.09,-31.2,51.51,3.65,0,0.4,80.36
9/19/2015,2:25:53,14.18,0.748,7.09,-31.1,51.9,3.63,0,0.5,80.25
9/19/2015,2:30:53,14.19,0.747,7.08,-30.9,51.77,3.63,0,0.5,80.01
9/19/2015,2:35:53,14.17,0.749,7.08,-30.8,51.21,3.65,0,0.1,79.93
9/19/2015,2:40:53,14.16,0.75,7.08,-31,51.99,3.62,0,0.1,80.2
9/19/2015,2:45:53,14.16,0.751,7.08,-31.1,52.02,3.65,0,0.1,80.23
9/19/2015,2:50:53,14.16,0.751,7.09,-31.2,51.94,3.6,0,0.1,80.28
9/19/2015,2:55:53,14.17,0.751,7.09,-31.3,52.07,3.64,0,0.1,80.4
9/19/2015,3:00:53,14.17,0.751,7.09,-31.3,51.5,3.65,0,0,80.38
9/19/2015,3:05:53,14.15,0.751,7.09,-31.4,51.56,3.65,0,-0.1,80.37
9/19/2015,3:10:53,14.14,0.751,7.09,-31.4,51.65,3.61,0,0.2,80.37
9/19/2015,3:15:53,14.12,0.751,7.09,-31.6,51.85,3.59,0,0.1,80.45
9/19/2015,3:20:53,14.11,0.751,7.09,-31.6,52.17,3.6,0,0,80.43
9/19/2015,3:25:53,14.09,0.751,7.09,-31.6,52.1,3.65,0,-0.2,80.43
9/19/2015,3:30:53,14.09,0.751,7.09,-31.6,52.29,3.63,0,0,80.57
9/19/2015,3:35:53,14.09,0.751,7.09,-31.6,52.08,3.71,0,0.1,80.57
9/19/2015,3:40:53,14.09,0.751,7.09,-31.6,52.08,3.66,0,0,80.56
9/19/2015,3:45:53,14.09,0.751,7.09,-31.6,52.32,3.66,0,0,80.57
9/19/2015,3:50:53,14.09,0.751,7.09,-31.7,52.46,3.7,0,0,80.51
9/19/2015,3:55:53,14.09,0.751,7.1,-31.7,52.39,3.66,0,0,80.55
9/19/2015,4:00:53,14.09,0.751,7.1,-31.7,52.34,3.63,0,0,80.6
9/19/2015,4:05:53,14.09,0.751,7.1,-31.7,52.28,3.65,0,0.1,80.52
9/19/2015,4:10:53,14.07,0.751,7.1,-31.8,53.08,3.62,0,0,80.68
9/19/2015,4:15:53,14.06,0.751,7.1,-31.7,52.95,3.66,0,0,80.64
9/19/2015,4:20:53,14.06,0.751,7.09,-31.7,52.79,3.65,0,0,80.64
9/19/2015,4:25:53,14.06,0.751,7.09,-31.6,52.81,3.62,0,0,80.71
9/19/2015,4:30:53,14.06,0.751,7.09,-31.6,52.98,3.63,0,0.1,80.5
9/19/2015,4:35:53,14.05,0.751,7.1,-31.7,53.34,3.65,0,0,80.69
9/19/2015,4:40:53,14.06,0.751,7.09,-31.6,52.96,3.63,0,0,80.66
9/19/2015,4:45:53,14.05,0.751,7.09,-31.6,52.86,3.64,0,0.1,80.69
9/19/2015,4:50:53,14.05,0.751,7.09,-31.6,52.52,3.65,0,0,80.67
9/19/2015,4:55:53,14.06,0.751,7.1,-31.7,52.93,3.62,0,-0.1,80.58
9/19/2015,5:00:53,14.05,0.751,7.09,-31.6,52.59,3.63,0,0,80.55
9/19/2015,5:05:53,14.05,0.751,7.09,-31.6,52.51,3.71,0,0,80.6
9/19/2015,5:10:53,14.05,0.751,7.09,-31.6,52.4,3.67,0,0,80.64
9/19/2015,5:15:53,14.05,0.751,7.09,-31.6,52.34,3.62,0,0.1,80.69
9/19/2015,5:20:53,14.05,0.751,7.1,-31.7,53.18,3.67,0,0,80.63
9/19/2015,5:25:53,14.04,0.751,7.09,-31.6,52.83,3.68,0,0,80.62
9/19/2015,5:30:53,14.04,0.751,7.09,-31.6,52.81,3.68,0,0,80.65
9/19/2015,5:35:53,14.03,0.751,7.1,-31.7,53.29,3.67,0,0.1,80.7
9/19/2015,5:40:53,14.04,0.751,7.09,-31.6,52.66,3.67,0,0.1,80.73
9/19/2015,5:45:53,14.04,0.751,7.09,-31.6,52.81,3.63,0,0.3,80.77
9/19/2015,5:50:53,14.04,0.751,7.1,-31.8,53.33,3.66,0,0,80.77
9/19/2015,5:55:53,14.03,0.751,7.1,-31.7,52.94,3.67,0,0,80.75
9/19/2015,6:00:53,14.02,0.751,7.1,-31.7,53.02,3.61,0,0,80.81
9/19/2015,6:05:53,14.02,0.751,7.1,-31.7,53.01,3.67,0,0.1,80.79
9/19/2015,6:10:53,14.01,0.751,7.1,-31.9,53,3.61,0,0.1,80.84
9/19/2015,6:15:53,14.01,0.751,7.1,-31.7,52.84,3.66,0,0.3,80.86
9/19/2015,6:20:53,14,0.751,7.09,-31.7,52.78,3.63,0,0,80.82
9/19/2015,6:25:53,14,0.751,7.1,-31.9,53.25,3.68,0,0,80.82
9/19/2015,6:30:53,13.99,0.751,7.09,-31.6,52.85,3.67,0,0.1,80.97
9/19/2015,6:35:53,13.99,0.751,7.09,-31.6,52.82,3.72,0,0,80.95
9/19/2015,6:40:53,13.99,0.751,7.09,-31.6,52.88,3.64,0,0,80.98
9/19/2015,6:45:53,13.99,0.75,7.09,-31.6,52.82,3.69,0,-0.1,81
9/19/2015,6:50:53,14,0.751,7.09,-31.5,53.04,3.67,0,0,81.03
9/19/2015,6:55:53,14,0.75,7.1,-31.7,53.35,3.64,0,-0.1,81.05
9/19/2015,7:00:53,14,0.751,7.09,-31.6,52.97,3.66,0,-0.1,81.19
9/19/2015,7:05:53,14,0.75,7.09,-31.6,52.72,3.69,0,-0.2,81.37
9/19/2015,7:10:53,14,0.75,7.1,-31.8,53.11,3.65,0,-0.2,81.42
9/19/2015,7:15:53,14,0.75,7.1,-31.8,52.96,3.66,0,0.4,81.55
9/19/2015,7:20:53,14,0.75,7.1,-31.7,52.58,3.74,0,-0.2,81.57
9/19/2015,7:25:53,14,0.75,7.1,-31.9,52.98,3.68,0,-0.2,81.65
9/19/2015,7:30:54,13.99,0.75,7.1,-32,53.42,3.63,0,-0.2,81.73
9/19/2015,7:35:53,13.99,0.75,7.1,-31.8,53,3.61,0,0.2,81.83
9/19/2015,7:40:53,13.99,0.75,7.1,-31.8,52.74,3.65,0,0.1,81.84
9/19/2015,7:45:53,13.99,0.75,7.1,-31.9,52.88,3.67,0,-0.3,81.99
9/19/2015,7:50:53,13.99,0.75,7.1,-31.8,52.58,3.68,0,0,81.97
9/19/2015,7:55:53,13.99,0.75,7.1,-31.9,52.81,3.68,0,-0.3,82.05
9/19/2015,8:00:53,13.99,0.75,7.1,-31.9,52.78,3.67,0,-0.2,82.11
9/19/2015,8:05:53,13.99,0.75,7.1,-31.9,52.87,3.62,0,-0.3,82.19
9/19/2015,8:10:53,13.99,0.75,7.1,-31.9,53.06,3.63,0,0,82.31
9/19/2015,8:15:53,13.99,0.75,7.1,-32,53.1,3.67,0,-0.4,82.4
9/19/2015,8:20:53,14,0.75,7.1,-31.9,52.96,3.63,0,-0.3,82.41
9/19/2015,8:25:53,14,0.75,7.1,-32,52.8,3.64,0,-0.4,82.54
9/19/2015,8:30:53,14.01,0.75,7.1,-32,52.86,3.63,0,-0.3,82.59
9/19/2015,8:35:53,14.01,0.75,7.1,-32,52.97,3.66,0,-0.2,82.67
9/19/2015,8:40:53,14.01,0.75,7.1,-31.9,52.85,3.63,0,-0.2,82.72
9/19/2015,8:45:53,14.02,0.75,7.1,-32,52.72,3.66,0,0.7,83.14
9/19/2015,8:50:53,14.03,0.75,7.1,-32,52.71,3.68,0,0,83.42
9/19/2015,8:55:53,14.03,0.745,7.1,-32,52.45,3.67,0,-0.2,83.55
9/19/2015,9:00:53,14.04,0.75,7.1,-32.2,52.47,3.63,0,-0.1,83.87
9/19/2015,9:05:53,14.04,0.75,7.1,-32,53,3.64,0,0.3,83.75
9/19/2015,9:10:53,14.03,0.75,7.1,-32,51.8,3.65,0,-0.2,83.37
9/19/2015,9:15:53,14.03,0.75,7.1,-32.1,52.6,3.64,0,0,83.56
9/19/2015,9:20:53,14.04,0.75,7.1,-32.1,52.63,3.65,0,-0.2,83.79
9/19/2015,9:25:53,14.05,0.75,7.11,-32.3,52.98,3.59,0,-0.2,84.27
9/19/2015,9:30:53,14.06,0.75,7.11,-32.2,52.65,3.6,0,-0.2,84.81
9/19/2015,9:35:53,14.1,0.75,7.11,-32.5,52.94,3.57,0,-0.2,85.86
9/19/2015,9:40:53,14.1,0.75,7.11,-32.4,52.61,3.57,0,-0.2,86.32
9/19/2015,9:45:53,14.09,0.75,7.11,-32.6,52.96,3.59,0,-0.3,86.74
9/19/2015,9:50:53,14.12,0.75,7.11,-32.5,52.64,3.65,0,-0.3,87.27
9/19/2015,9:55:53,14.13,0.75,7.11,-32.5,52.6,3.62,0,-0.2,87.47
9/19/2015,10:00:53,14.11,0.75,7.11,-32.5,52.47,3.64,0,0.1,86.83
9/19/2015,10:05:53,14.1,0.75,7.11,-32.5,52.77,3.6,0,-0.2,86.08
9/19/2015,10:10:53,14.1,0.75,7.11,-32.5,52.8,3.68,0,-0.2,85.85
9/19/2015,10:15:53,14.09,0.75,7.11,-32.5,53.15,3.6,0,0,85.49
9/19/2015,10:20:54,14.09,0.75,7.11,-32.3,52.61,3.59,0,-0.2,85.39
9/19/2015,10:25:53,14.08,0.75,7.11,-32.5,53.1,3.61,0,-0.4,85.14
9/19/2015,10:30:53,14.09,0.75,7.11,-32.3,52.69,3.64,0,-0.4,85.02
9/19/2015,10:35:53,14.09,0.749,7.11,-32.3,52.53,3.64,0,-0.2,85.29
9/19/2015,10:40:53,14.1,0.75,7.11,-32.3,52.57,3.63,0,-0.3,85.53
9/19/2015,10:45:53,14.14,0.749,7.11,-32.4,52.49,3.62,0,-0.2,86.01
9/19/2015,10:50:53,14.17,0.749,7.11,-32.4,52.55,3.71,0,-0.4,86.68
9/19/2015,10:55:53,14.21,0.749,7.11,-32.6,52.82,3.57,0,-0.3,87.45
9/19/2015,11:00:53,14.25,0.749,7.11,-32.6,52.48,3.61,0,-0.2,88.19
9/19/2015,11:05:53,14.29,0.749,7.11,-32.8,52.84,3.59,0,-0.2,88.92
9/19/2015,11:10:53,14.31,0.749,7.12,-32.8,52.79,3.58,0,-0.2,89.52
9/19/2015,11:15:53,14.33,0.749,7.11,-32.7,52.39,3.55,0,-0.2,89.88
9/19/2015,11:20:53,14.36,0.749,7.11,-32.8,52.37,3.57,0,-0.2,90.32
9/19/2015,11:25:53,14.39,0.749,7.12,-32.8,52.36,3.55,0,-0.1,90.79
9/19/2015,11:30:53,14.41,0.749,7.12,-32.9,52.61,3.56,0,-0.4,90.91
9/19/2015,11:35:53,14.43,0.749,7.12,-33,52.77,3.53,0,-0.2,91.1
9/19/2015,11:40:53,14.45,0.749,7.12,-33,52.65,3.54,0,-0.2,91.27
9/19/2015,11:45:53,14.48,0.749,7.12,-33,52.36,3.57,0,-0.4,91.82
9/19/2015,11:50:53,14.5,0.749,7.12,-33.1,52.37,3.54,0,-0.3,92.01
9/19/2015,11:55:53,14.52,0.749,7.12,-33,52.72,3.53,0,-0.3,92.23
9/19/2015,12:00:52,14.56,0.749,7.12,-33.1,53.07,3.55,0,-0.3,92.75
9/19/2015,12:05:53,14.58,0.749,7.12,-33.3,52.76,3.55,0,-0.3,92.9
9/19/2015,12:10:53,14.61,0.749,7.12,-33.1,52.11,3.56,0,-0.4,93.24
9/19/2015,12:15:53,14.64,0.749,7.12,-33.1,52.92,3.53,0,-0.2,93.47
9/19/2015,12:20:53,14.67,0.749,7.12,-33.1,53.53,3.54,0,-0.3,93.8
9/19/2015,12:25:53,14.68,0.749,7.12,-33.1,53.64,3.51,0,-0.2,93.98
9/19/2015,12:30:53,14.69,0.749,7.12,-33.1,53.96,3.48,0,-0.4,93.97
9/19/2015,12:35:53,14.69,0.749,7.12,-33.3,54.04,3.46,0,-0.2,93.93
9/19/2015,12:40:53,14.69,0.749,7.12,-33.1,53.05,3.46,0,-0.3,93.95
9/19/2015,12:45:53,14.69,0.749,7.12,-33.1,53.05,3.49,0,-0.3,93.65
9/19/2015,12:50:53,14.67,0.749,7.12,-33.1,52.13,3.53,0,-0.2,93.43
9/19/2015,12:55:53,14.67,0.749,7.12,-33,52.97,3.53,0,0,93.37
9/19/2015,13:00:53,14.67,0.749,7.12,-33.2,52.41,3.48,0,-0.3,93.32
9/19/2015,13:05:53,14.66,0.749,7.12,-33,51.69,3.58,0,-0.2,93.04
9/19/2015,13:10:53,14.66,0.749,7.12,-33.1,51.4,3.59,0,-0.1,93.01
9/19/2015,13:15:53,14.65,0.749,7.12,-33,51.48,3.54,0,-0.1,92.72
9/19/2015,13:20:53,14.63,0.749,7.12,-33.1,51.83,3.56,0,-0.3,92.42
9/19/2015,13:25:53,14.63,0.749,7.12,-33,52.04,3.55,0,-0.2,92.33
9/19/2015,13:30:53,14.63,0.749,7.12,-33,51.88,3.57,0,-0.1,92.37
9/19/2015,13:35:53,14.63,0.749,7.12,-33,51.58,3.56,0,-0.2,92.28
9/19/2015,13:40:53,14.62,0.749,7.12,-33,51.98,3.54,0,-0.1,92.12
9/19/2015,13:45:53,14.62,0.749,7.12,-33.1,52.06,3.52,0,-0.3,91.85
9/19/2015,13:50:53,14.61,0.749,7.12,-32.9,51.88,3.53,0,-0.2,91.52
9/19/2015,13:55:53,14.59,0.749,7.12,-32.8,51.82,3.59,0,-0.3,91.39
9/19/2015,14:00:53,14.58,0.749,7.12,-32.8,52.24,3.57,0,-0.4,91.11
9/19/2015,14:05:53,14.56,0.749,7.12,-32.8,52.04,3.59,0,0,90.81
9/19/2015,14:10:53,14.55,0.749,7.12,-33,52.13,3.6,0,-0.1,90.77
9/19/2015,14:15:53,14.53,0.749,7.11,-32.8,51.83,3.58,0,-0.2,90.7
9/19/2015,14:20:53,14.52,0.749,7.12,-32.8,52.15,3.61,0,0,90.73
9/19/2015,14:25:53,14.51,0.749,7.11,-32.8,52.71,3.61,0,-0.2,90.81
9/19/2015,14:30:53,14.5,0.749,7.11,-32.8,53.52,3.57,0,-0.3,90.29
9/19/2015,14:35:53,14.5,0.749,7.12,-32.9,54.4,3.56,0,-0.1,90.03
9/19/2015,14:40:53,14.48,0.749,7.11,-32.7,53.67,3.59,0,-0.3,89.73
9/19/2015,14:45:53,14.45,0.749,7.11,-32.6,53.51,3.58,0,-0.2,89.23
9/19/2015,14:50:53,14.42,0.749,7.11,-32.7,53.24,3.62,0,-0.3,88.7
9/19/2015,14:55:53,14.39,0.749,7.11,-32.5,52.43,3.66,0,-0.4,88.15
9/19/2015,15:00:53,14.38,0.749,7.11,-32.7,52.22,3.64,0,-0.4,87.98
9/19/2015,15:05:53,14.38,0.749,7.11,-32.5,51.86,3.66,0,-0.2,88.29
9/19/2015,15:10:53,14.44,0.749,7.11,-32.7,52.36,3.67,0,0.1,89.77
9/19/2015,15:15:53,14.43,0.749,7.11,-32.7,52.06,3.65,0,-0.3,89.86
9/19/2015,15:20:53,14.42,0.749,7.11,-32.6,51.69,3.69,0,0,89.4
9/19/2015,15:25:53,14.41,0.749,7.11,-32.5,50.97,3.7,0,-0.4,89.08
9/19/2015,15:30:53,14.39,0.749,7.11,-32.5,51.61,3.71,0,-0.2,88.76
9/19/2015,15:35:53,14.38,0.749,7.11,-32.7,51.87,3.63,0,-0.2,88.49
9/19/2015,15:40:53,14.36,0.749,7.11,-32.5,51.56,3.67,0,-0.4,88.2
9/19/2015,15:45:53,14.33,0.749,7.11,-32.6,52.02,3.63,0,-0.3,87.93
9/19/2015,15:50:53,14.3,0.749,7.11,-32.6,52.06,3.68,0,-0.2,87.52
9/19/2015,15:55:53,14.28,0.749,7.11,-32.4,51.65,3.69,0,-0.3,86.96
9/19/2015,16:00:53,14.27,0.749,7.11,-32.3,51.78,3.7,0,-0.2,87
9/19/2015,16:05:53,14.26,0.749,7.11,-32.3,51.67,3.7,0,-0.3,86.76
9/19/2015,16:10:53,14.24,0.749,7.11,-32.3,51.8,3.68,0,-0.1,86.32
9/19/2015,16:15:53,14.22,0.749,7.11,-32.3,51.81,3.67,0,-0.3,86.08
9/19/2015,16:20:53,14.2,0.749,7.11,-32.3,51.82,3.68,0,-0.2,86.05
9/19/2015,16:25:53,14.19,0.749,7.11,-32.3,52.18,3.67,0,-0.1,85.73
9/19/2015,16:30:53,14.19,0.749,7.11,-32.5,52.76,3.64,0,-0.2,85.86
9/19/2015,16:35:53,14.2,0.749,7.11,-32.3,51.96,3.71,0,-0.2,86.49
9/19/2015,16:40:53,14.21,0.749,7.11,-32.3,51.97,3.7,0,-0.2,86.97
9/19/2015,16:45:53,14.2,0.749,7.11,-32.3,52.01,3.69,0,0.5,87.06
9/19/2015,16:50:53,14.18,0.749,7.11,-32.2,52.01,3.73,0,1.5,86.19
9/19/2015,16:55:53,14.15,0.749,7.1,-32,52.07,3.71,0,0.5,85.52
9/19/2015,17:00:53,14.16,0.749,7.1,-32.1,52.11,3.71,0,0.1,85.99
9/19/2015,17:05:53,14.17,0.749,7.11,-32.3,52.38,3.74,0,0.1,86.57
9/19/2015,17:10:53,14.17,0.749,7.1,-32.1,52.05,3.76,0,0,86.36
9/19/2015,17:15:53,14.17,0.749,7.1,-32.1,51.93,3.82,0,-0.2,86.07
9/19/2015,17:20:53,14.17,0.749,7.1,-32.2,51.83,3.73,0,-0.2,86.18
9/19/2015,17:25:53,14.14,0.749,7.1,-32,51.96,3.65,0,-0.3,85.15
9/19/2015,17:30:53,14.13,0.749,7.1,-32,52.05,3.73,0,-0.2,84.35
9/19/2015,17:35:53,14.12,0.749,7.1,-32.1,52.37,3.75,0,-0.1,84.24
9/19/2015,17:40:53,14.11,0.749,7.1,-32,52.79,3.65,0,0,83.56
9/19/2015,17:45:53,14.09,0.749,7.1,-32,52.92,3.69,0,-0.2,83.11
9/19/2015,17:50:53,14.09,0.749,7.1,-32,52.8,3.77,0,-0.2,82.93
9/19/2015,17:55:53,14.08,0.749,7.1,-31.9,52.59,3.74,0,-0.3,82.92
9/19/2015,18:00:53,14.07,0.749,7.1,-31.8,51.83,3.73,0,-0.2,82.72
9/19/2015,18:05:53,14.07,0.749,7.1,-31.7,51.44,3.74,0,-0.2,82.64
9/19/2015,18:10:53,14.06,0.749,7.1,-31.9,52.64,3.7,0,-0.2,82.62
9/19/2015,18:15:53,14.05,0.749,7.1,-31.9,52.79,3.7,0,0.5,82.44
9/19/2015,18:20:53,14.04,0.749,7.1,-31.9,52.72,3.73,0,0.1,82.35
9/19/2015,18:25:53,14.04,0.749,7.1,-31.9,52.74,3.69,0,-0.3,82.2
9/19/2015,18:30:53,14.04,0.749,7.1,-31.7,52.51,3.76,0,-0.3,82.27
9/19/2015,18:35:53,14.04,0.749,7.1,-31.9,52.83,3.7,0,-0.3,82.36
9/19/2015,18:40:53,14.04,0.749,7.1,-31.7,52.45,3.69,0,-0.3,82.49
9/19/2015,18:45:53,14.03,0.749,7.1,-31.9,52.99,3.71,0,-0.2,82.29
9/19/2015,18:50:53,14.03,0.75,7.1,-31.7,52.6,3.77,0,-0.1,82.16
9/19/2015,18:55:53,14.02,0.75,7.09,-31.7,52.68,3.76,0,-0.2,81.91
9/19/2015,19:00:53,14.02,0.75,7.1,-31.9,53,3.7,0,-0.1,81.82
9/19/2015,19:05:53,14.02,0.75,7.1,-31.9,52.92,3.73,0,-0.1,81.6
9/19/2015,19:10:53,14.01,0.75,7.1,-31.7,52.62,3.74,0,-0.2,81.5
9/19/2015,19:15:53,14.01,0.75,7.1,-31.7,52.73,3.76,0,-0.2,81.41
9/19/2015,19:20:53,14.01,0.75,7.09,-31.7,52.7,3.76,0,-0.2,81.32
9/19/2015,19:25:53,14,0.75,7.09,-31.7,52.58,3.78,0,-0.2,81.23
9/19/2015,19:30:53,14,0.75,7.1,-31.7,52.54,3.84,0,-0.2,81.16
9/19/2015,19:35:53,14,0.75,7.1,-31.8,52.89,3.76,0,0,81.08
9/19/2015,19:40:53,14,0.75,7.1,-31.9,52.96,3.72,0,0,81.09
9/19/2015,19:45:53,13.99,0.75,7.1,-31.9,52.99,3.67,0,0.1,81.05
9/19/2015,19:50:53,13.99,0.75,7.1,-31.7,52.8,3.75,0,0,81.06
9/19/2015,19:55:52,13.99,0.75,7.1,-31.9,53.24,3.78,0,0.1,81.04
9/19/2015,20:00:53,13.99,0.75,7.1,-31.9,53.17,3.76,0,0.1,81.05
9/19/2015,20:05:53,13.98,0.75,7.1,-31.9,53.19,3.76,0,0,80.99
9/19/2015,20:10:53,13.98,0.75,7.1,-31.8,52.73,3.75,0,0,81
9/19/2015,20:15:54,13.98,0.75,7.1,-31.7,52.75,3.77,0,0,81.04
9/19/2015,20:20:53,13.98,0.75,7.1,-31.7,52.6,3.78,0,0,81.03
9/19/2015,20:25:53,13.98,0.75,7.1,-31.9,52.83,3.8,0,0,80.96
9/19/2015,20:30:53,13.98,0.75,7.1,-31.9,53.06,3.83,0,0,81.02
9/19/2015,20:35:53,13.98,0.75,7.1,-31.7,52.84,3.82,0,-0.1,81.03
9/19/2015,20:40:53,13.98,0.751,7.1,-31.7,52.78,3.83,0,0,81.05
9/19/2015,20:45:53,13.98,0.751,7.1,-31.9,53.16,3.82,0,-0.1,81.02
9/19/2015,20:50:53,13.98,0.751,7.1,-31.9,53.14,3.79,0,0,80.99
9/19/2015,20:55:53,13.97,0.751,7.1,-31.8,52.96,3.81,0,-0.2,80.91
9/19/2015,21:00:54,13.97,0.751,7.1,-31.7,52.66,3.78,0,0.1,81.05
9/19/2015,21:05:53,13.97,0.751,7.1,-31.9,53.09,3.81,0,0,81
9/19/2015,21:10:53,13.97,0.751,7.1,-31.8,52.93,3.85,0,-0.1,81.06
9/19/2015,21:15:53,13.97,0.751,7.1,-31.9,53.2,3.8,0,0,81.07
9/19/2015,21:20:53,13.97,0.751,7.1,-31.9,53.47,3.83,0,-0.2,81.02
9/19/2015,21:25:53,13.96,0.751,7.1,-32,53.69,3.86,0,0,81.11
9/19/2015,21:30:53,13.96,0.751,7.1,-31.9,53.67,3.82,0,-0.2,81.02
9/19/2015,21:35:53,13.96,0.751,7.1,-31.9,53.51,3.83,0,0,81
9/19/2015,21:40:54,13.96,0.751,7.1,-31.9,53.44,3.8,0,0,81.05
9/19/2015,21:45:53,13.96,0.752,7.1,-31.9,53.47,3.83,0,-0.2,81
9/19/2015,21:50:53,13.96,0.751,7.1,-31.9,53.59,3.86,0,-0.2,81.03
9/19/2015,21:55:53,13.96,0.752,7.1,-31.8,53.27,3.87,0,-0.1,81.1
9/19/2015,22:00:53,13.96,0.752,7.1,-31.8,53.46,3.84,0,-0.2,81.12
9/19/2015,22:05:53,13.95,0.752,7.1,-31.9,53.52,3.84,0,-0.2,81.12
9/19/2015,22:10:53,13.95,0.752,7.1,-31.8,53.4,3.84,0,-0.2,81.12
9/19/2015,22:15:53,13.95,0.752,7.1,-31.9,53.6,3.83,0,-0.1,81.06
9/19/2015,22:20:53,13.95,0.752,7.1,-31.9,53.81,3.85,0,0,81.11
9/19/2015,22:25:53,13.95,0.752,7.1,-31.9,53.82,3.87,0,0.2,81.07
9/19/2015,22:30:53,13.95,0.752,7.1,-31.9,53.78,3.83,0,-0.1,81.12
9/19/2015,22:35:53,13.95,0.752,7.1,-31.8,53.46,3.8,0,-0.2,81.07
9/19/2015,22:40:53,13.95,0.752,7.1,-31.9,53.66,3.83,0,0,81.1
9/19/2015,22:45:53,13.95,0.752,7.1,-31.8,53.2,3.84,0,-0.2,81.12
9/19/2015,22:50:53,13.95,0.752,7.1,-31.9,53.7,3.85,0,-0.1,81.08
9/19/2015,22:55:53,13.95,0.752,7.1,-31.9,53.89,3.86,0,-0.2,81.15
9/19/2015,23:00:53,13.95,0.752,7.1,-32,53.72,3.9,0,-0.2,81.12
9/19/2015,23:05:53,13.95,0.753,7.1,-32,53.72,3.85,0,-0.2,81.1
9/19/2015,23:10:53,13.94,0.753,7.1,-31.9,53.4,3.87,0,-0.2,81.11
9/19/2015,23:15:53,13.94,0.753,7.1,-31.8,53.38,3.86,0,-0.2,81.08
9/19/2015,23:20:53,13.94,0.753,7.1,-32,53.94,3.81,0,0,81.1
9/19/2015,23:25:53,13.94,0.753,7.1,-31.8,53.57,3.83,0,-0.2,81.1
9/19/2015,23:30:53,13.94,0.753,7.1,-31.9,53.84,3.83,0,-0.2,81.13
9/19/2015,23:35:53,13.94,0.753,7.1,-31.9,53.58,3.87,0,-0.2,81.18
9/19/2015,23:40:53,13.94,0.753,7.1,-31.8,53.52,3.83,0,-0.4,81.13
9/19/2015,23:45:53,13.94,0.753,7.1,-32,53.78,3.83,0,0,81.15
9/19/2015,23:50:53,13.93,0.753,7.1,-32,53.8,3.83,0,-0.2,81.16
9/19/2015,23:55:53,13.93,0.753,7.1,-31.8,53.47,3.8,0,-0.1,81.18
9/20/2015,0:00:53,13.94,0.753,7.1,-31.8,53.59,3.83,0,-0.2,81.13
9/20/2015,0:05:53,13.93,0.753,7.1,-31.9,53.59,3.84,0,-0.1,81.15
9/20/2015,0:10:53,13.94,0.753,7.1,-32,54.04,3.84,0,0,81.17
9/20/2015,0:15:53,13.93,0.753,7.1,-31.9,53.76,3.83,0,-0.1,81.13
9/20/2015,0:20:53,13.93,0.753,7.1,-32,53.96,3.9,0,-0.1,81.16
9/20/2015,0:25:53,13.93,0.754,7.1,-32,54.02,3.85,0,-0.2,81.16
9/20/2015,0:30:53,13.93,0.754,7.1,-32,54.13,3.94,0,-0.1,81.13
9/20/2015,0:35:53,13.93,0.754,7.1,-31.9,53.78,3.89,0,-0.3,81.18
9/20/2015,0:40:53,13.93,0.754,7.1,-31.9,53.95,3.9,0,0,81.19
9/20/2015,0:45:53,13.93,0.754,7.1,-32,54.32,3.89,0,-0.1,81.25
9/20/2015,0:50:53,13.93,0.754,7.1,-31.9,53.98,3.85,0,-0.1,81.19
9/20/2015,0:55:53,13.93,0.754,7.1,-31.9,53.93,3.9,0,-0.1,81.21
9/20/2015,1:00:53,13.92,0.754,7.1,-32,54.33,3.9,0,-0.1,81.16
9/20/2015,1:05:53,13.93,0.754,7.1,-31.9,53.88,3.88,0,0,81.23
9/20/2015,1:10:53,13.92,0.754,7.1,-31.9,54,3.86,0,-0.1,81.2
9/20/2015,1:15:52,13.92,0.754,7.1,-31.9,54.01,3.87,0,0,81.16
9/20/2015,1:20:53,13.92,0.754,7.1,-31.9,54.01,3.91,0,-0.1,81.16
9/20/2015,1:25:53,13.92,0.754,7.1,-31.9,53.96,3.88,0,-0.1,81.22
9/20/2015,1:30:53,13.92,0.754,7.1,-31.9,54.15,3.88,0,0,81.25
9/20/2015,1:35:53,13.92,0.754,7.1,-31.8,54.02,3.86,0,-0.2,81.19
9/20/2015,1:40:53,13.92,0.754,7.1,-32,54.28,3.86,0,-0.2,81.19
9/20/2015,1:45:53,13.92,0.754,7.1,-32,54.53,3.82,0,0.1,81.21
9/20/2015,1:50:54,13.92,0.754,7.1,-31.9,54.16,3.82,0,0.1,81.31
9/20/2015,1:55:53,13.92,0.754,7.1,-31.9,54.08,3.83,0,-0.1,81.26
9/20/2015,2:00:53,13.92,0.755,7.1,-32.1,54.62,3.84,0,-0.1,81.27
9/20/2015,2:05:53,13.92,0.755,7.1,-32,54.06,3.93,0,-0.1,81.29
9/20/2015,2:10:53,13.91,0.755,7.1,-31.9,53.98,3.9,0,-0.2,81.3
9/20/2015,2:15:53,13.91,0.755,7.1,-32,54.2,3.86,0,-0.1,81.32
9/20/2015,2:20:53,13.91,0.755,7.1,-32.1,54.52,3.87,0,-0.1,81.23
9/20/2015,2:25:53,13.91,0.755,7.1,-32.1,54.55,3.87,0,-0.1,81.31
9/20/2015,2:30:53,13.91,0.755,7.1,-31.9,54.1,3.92,0,-0.2,81.23
9/20/2015,2:35:53,13.91,0.755,7.1,-32,54.06,3.9,0,-0.2,81.32
9/20/2015,2:40:53,13.91,0.755,7.1,-32,54.32,3.85,0,0,81.32
9/20/2015,2:45:53,13.91,0.755,7.1,-32.1,54.48,3.91,0,-0.2,81.28
9/20/2015,2:50:53,13.91,0.755,7.1,-32,54.26,3.86,0,0,81.27
9/20/2015,2:55:53,13.91,0.755,7.1,-32,54.06,3.88,0,-0.2,81.31
9/20/2015,3:00:53,13.91,0.755,7.1,-32,54.47,3.88,0,-0.2,81.28
9/20/2015,3:05:53,13.91,0.755,7.1,-32,54.41,3.85,0,-0.1,81.33
9/20/2015,3:10:53,13.91,0.755,7.1,-31.9,54.27,3.9,0,0,81.42
9/20/2015,3:15:53,13.9,0.755,7.1,-32,54.47,3.85,0,-0.2,81.31
9/20/2015,3:20:53,13.9,0.755,7.1,-32,54.37,3.88,0,0,81.36
9/20/2015,3:25:53,13.9,0.755,7.1,-32,54.45,3.87,0,0,81.37
9/20/2015,3:30:53,13.9,0.755,7.1,-32.1,54.76,3.9,0,-0.2,81.36
9/20/2015,3:35:53,13.9,0.755,7.1,-32,54.37,3.85,0,-0.1,81.4
9/20/2015,3:40:53,13.9,0.755,7.1,-32,54.44,3.88,0,-0.2,81.4
9/20/2015,3:45:53,13.9,0.755,7.1,-32,54.37,3.9,0,-0.2,81.36
9/20/2015,3:50:53,13.9,0.755,7.1,-32.2,54.79,3.86,0,0,81.37
9/20/2015,3:55:53,13.9,0.755,7.1,-32,54.45,3.97,0,0,81.34
9/20/2015,4:00:53,13.9,0.755,7.1,-32,54.4,3.88,0,-0.2,81.47
9/20/2015,4:05:53,13.9,0.755,7.1,-32.1,54.68,3.88,0,-0.2,81.44
9/20/2015,4:10:53,13.89,0.755,7.1,-32,54.49,3.94,0,-0.1,81.43
9/20/2015,4:15:53,13.89,0.755,7.1,-32,54.23,3.88,0,0,81.4
9/20/2015,4:20:54,13.89,0.755,7.1,-32,54.29,3.84,0,0,81.37
9/20/2015,4:25:53,13.89,0.755,7.1,-32,54.44,3.93,0,0.3,81.39
9/20/2015,4:30:53,13.89,0.755,7.1,-32.2,54.97,3.89,0,0,81.44
9/20/2015,4:35:53,13.89,0.755,7.1,-32,54.45,3.91,0,-0.2,81.42
9/20/2015,4:40:53,13.89,0.756,7.1,-32.2,54.81,3.87,0,-0.1,81.47
9/20/2015,4:45:53,13.89,0.756,7.1,-32.2,54.94,3.91,0,0.1,81.42
9/20/2015,4:50:53,13.89,0.755,7.1,-32.2,54.83,3.91,0,0.1,81.39
9/20/2015,4:55:53,13.89,0.756,7.1,-32.2,54.88,3.89,0,0.8,81.35
9/20/2015,5:00:53,13.89,0.756,7.1,-32.2,55,3.84,0,1.5,81.31
9/20/2015,5:05:53,13.89,0.756,7.1,-32.2,54.82,3.86,0,0.9,81.36
9/20/2015,5:10:53,13.89,0.756,7.1,-32.2,54.92,3.89,0,0.9,81.34
9/20/2015,5:15:53,13.89,0.756,7.1,-32,54.59,3.88,0,0.6,81.37
9/20/2015,5:20:53,13.89,0.756,7.1,-32.1,54.69,3.91,0,0.2,81.47
9/20/2015,5:25:53,13.89,0.756,7.1,-32.2,54.86,3.85,0,0,81.51
9/20/2015,5:30:53,13.89,0.756,7.1,-32.2,54.85,3.85,0,0,81.42
9/20/2015,5:35:53,13.89,0.756,7.1,-32.2,55,3.87,0,0.1,81.42
9/20/2015,5:40:53,13.89,0.756,7.1,-32.2,54.74,3.9,0,-0.1,81.46
9/20/2015,5:45:53,13.89,0.756,7.1,-32.2,54.73,3.88,0,-0.1,81.47
9/20/2015,5:50:53,13.89,0.756,7.1,-32.1,54.28,3.9,0,0,81.46
9/20/2015,5:55:53,13.88,0.756,7.1,-32.2,54.83,3.88,0,0.1,81.51
9/20/2015,6:00:53,13.89,0.756,7.1,-32.2,54.96,3.89,0,0.4,81.46
9/20/2015,6:05:53,13.88,0.756,7.1,-32.2,54.97,3.9,0,0.3,81.46
9/20/2015,6:10:53,13.88,0.756,7.1,-32.1,54.54,3.88,0,0,81.46
9/20/2015,6:15:53,13.88,0.756,7.1,-32.1,54.18,3.9,0,0.2,81.56
9/20/2015,6:20:53,13.88,0.756,7.1,-32.2,54.36,3.86,0,0.1,81.6
9/20/2015,6:25:53,13.88,0.756,7.11,-32.3,54.85,3.89,0,3.4,81.59
9/20/2015,6:30:54,13.88,0.756,7.1,-32.2,54.56,3.88,0,0.4,81.6
9/20/2015,6:35:54,13.88,0.756,7.11,-32.3,54.63,3.85,0,0.5,81.63
9/20/2015,6:40:54,13.88,0.756,7.1,-32.2,54.21,3.86,0,-0.1,81.64
9/20/2015,6:45:53,13.88,0.756,7.1,-32.2,53.91,3.91,0,0.2,81.74
9/20/2015,6:50:53,13.88,0.756,7.1,-32.2,54.29,3.86,0,-0.2,81.79
9/20/2015,6:55:54,13.88,0.756,7.1,-32.2,53.87,3.84,0,-0.1,81.91
9/20/2015,7:00:53,13.88,0.756,7.1,-32.2,53.97,3.88,0,-0.2,82.05
9/20/2015,7:05:53,13.88,0.756,7.11,-32.3,54.4,3.84,0,-0.2,82.12
9/20/2015,7:10:53,13.88,0.756,7.1,-32.2,54.03,3.93,0,0.1,82.34
9/20/2015,7:15:53,13.89,0.756,7.1,-32.2,53.81,3.9,0,-0.2,82.38
9/20/2015,7:20:54,13.89,0.756,7.11,-32.3,54.35,3.9,0,-0.3,82.58
9/20/2015,7:25:53,13.9,0.756,7.1,-32.2,54,3.93,0,-0.4,82.65
9/20/2015,7:30:53,13.9,0.756,7.11,-32.3,54.42,3.9,0,-0.4,82.65
9/20/2015,7:35:53,13.9,0.756,7.1,-32.2,54.11,3.9,0,-0.3,82.7
9/20/2015,7:40:54,13.91,0.756,7.1,-32.2,54.08,3.89,0,-0.2,82.78
9/20/2015,7:45:53,13.91,0.756,7.1,-32.2,54.02,3.87,0,-0.3,82.93
9/20/2015,7:50:53,13.92,0.756,7.1,-32.2,54.11,3.92,0,-0.3,82.98
9/20/2015,7:55:54,13.92,0.756,7.1,-32.2,54.09,3.87,0,-0.3,83.09
9/20/2015,8:00:54,13.93,0.756,7.11,-32.2,54.08,3.86,0,-0.2,83.26
9/20/2015,8:05:53,13.94,0.756,7.11,-32.3,54.13,3.92,0,-0.2,83.59
9/20/2015,8:10:53,13.95,0.756,7.11,-32.4,54.48,3.9,0,-0.3,83.75
9/20/2015,8:15:53,13.96,0.756,7.11,-32.3,54.18,3.91,0,-0.3,83.68
9/20/2015,8:20:53,13.96,0.756,7.11,-32.3,54.07,3.98,0,-0.3,83.7
9/20/2015,8:25:53,13.97,0.756,7.11,-32.3,54.06,3.9,0,-0.2,83.87
9/20/2015,8:30:53,13.98,0.756,7.11,-32.4,54.44,3.86,0,-0.4,83.84
9/20/2015,8:35:53,13.98,0.756,7.11,-32.5,54.53,3.91,0,-0.2,83.89
9/20/2015,8:40:53,13.99,0.756,7.11,-32.3,54.18,3.9,0,-0.2,84.05
9/20/2015,8:45:53,14.01,0.756,7.11,-32.5,54.53,3.9,0,-0.2,84.34
9/20/2015,8:50:53,14.02,0.756,7.11,-32.3,54.24,3.84,0,-0.2,84.59
9/20/2015,8:55:53,14.03,0.756,7.11,-32.5,54.51,3.88,0,-0.3,85.04
9/20/2015,9:00:54,14.04,0.756,7.11,-32.6,54.56,3.91,0,-0.4,85.25
9/20/2015,9:05:53,14.05,0.756,7.11,-32.4,54.14,3.92,0,-0.4,85.43
9/20/2015,9:10:53,14.06,0.756,7.11,-32.4,54.03,3.88,0,-0.4,85.75
9/20/2015,9:15:54,14.07,0.756,7.11,-32.7,54.47,3.85,0,-0.4,86.22
9/20/2015,9:20:53,14.07,0.756,7.11,-32.5,54.03,3.87,0,-0.4,86.02
9/20/2015,9:25:53,14.08,0.756,7.11,-32.6,54.42,3.84,0,-0.4,86.12
9/20/2015,9:30:53,14.09,0.756,7.11,-32.7,54.47,3.85,0,-0.3,86.43
9/20/2015,9:35:53,14.1,0.756,7.11,-32.7,54.47,3.86,0,-0.4,86.74
9/20/2015,9:40:53,14.11,0.756,7.11,-32.6,54.15,3.85,0,-0.4,87.48
9/20/2015,9:45:54,14.11,0.756,7.11,-32.8,54.45,3.78,0,-0.4,87.75
9/20/2015,9:50:54,14.13,0.756,7.11,-32.7,54.1,3.77,0,-0.3,87.94
9/20/2015,9:55:53,14.16,0.756,7.11,-32.7,54.04,3.78,0,-0.4,88.6
9/20/2015,10:00:53,14.16,0.756,7.11,-32.8,54.08,3.82,0,-0.4,88.91
9/20/2015,10:05:53,14.15,0.756,7.12,-32.8,54.1,3.78,0,-0.4,88.83
9/20/2015,10:10:53,14.15,0.757,7.12,-33,54.52,3.79,0,-0.4,89.13
9/20/2015,10:15:54,14.17,0.756,7.12,-33,54.53,3.8,0,-0.4,89.69
9/20/2015,10:20:53,14.17,0.757,7.12,-32.9,54.15,3.8,0,-0.2,89.81
9/20/2015,10:25:54,14.18,0.756,7.12,-32.9,54.15,3.75,0,-0.5,89.83
9/20/2015,10:30:53,14.19,0.756,7.12,-33,54.45,3.77,0,-0.4,90.24
9/20/2015,10:35:53,14.21,0.757,7.12,-33,54.12,3.79,0,-0.3,90.92
9/20/2015,10:40:53,14.22,0.757,7.12,-33,54.12,3.78,0,-0.5,91.21
9/20/2015,10:45:53,14.21,0.757,7.12,-33,54.03,3.72,0,-0.4,90.97
9/20/2015,10:50:54,14.2,0.757,7.12,-33.1,54.41,3.75,0,-0.3,90.58
9/20/2015,10:55:54,14.19,0.757,7.12,-33.1,54.41,3.75,0,-0.4,90.35
9/20/2015,11:00:53,14.19,0.757,7.12,-32.9,54.02,3.73,0,-0.2,90.24
9/20/2015,11:05:53,14.22,0.757,7.12,-33.2,54.48,3.74,0,-0.3,91.06
9/20/2015,11:10:53,14.29,0.757,7.13,-33.4,54.43,3.75,0,-0.2,92.75
9/20/2015,11:15:53,14.31,0.757,7.13,-33.5,54.32,3.77,0,-0.4,93.68
9/20/2015,11:20:53,14.29,0.757,7.12,-33,53.95,3.76,0,-0.4,92.88
9/20/2015,11:25:53,14.25,0.757,7.1,-32,53.98,3.83,0,0.1,90.91
9/20/2015,11:30:53,14.22,0.757,7.1,-32,54.05,3.86,0,2.2,89.68
9/20/2015,11:35:53,14.22,0.757,7.1,-32.2,54.12,3.84,0,0.2,89.92
9/20/2015,11:40:53,14.22,0.757,7.12,-32.9,54.43,3.8,0,-0.2,90.68
9/20/2015,11:45:53,14.21,0.757,7.12,-33,54.51,3.75,0,-0.3,90.52
9/20/2015,11:50:53,14.21,0.757,7.12,-32.8,54.14,3.79,0,0.1,90.4
9/20/2015,11:55:53,14.23,0.757,7.12,-33,54.22,3.82,0,0.3,90.63
9/20/2015,12:00:53,14.23,0.757,7.12,-33,54.2,3.88,0,0,90.93
9/20/2015,12:05:53,14.23,0.757,7.12,-33.1,54.37,3.77,0,-0.3,91.08
9/20/2015,12:10:53,14.25,0.757,7.12,-33.2,53.65,3.78,0,-0.3,91.39
9/20/2015,12:15:53,14.26,0.757,7.12,-33.2,54.23,3.78,0,-0.3,91.91
9/20/2015,12:20:53,14.26,0.757,7.12,-33.1,53.91,3.77,0,-0.2,91.76
9/20/2015,12:25:53,14.3,0.757,7.12,-33.2,54.28,3.73,0,1.4,92.23
9/20/2015,12:30:53,14.48,0.757,7.13,-33.5,55.3,3.7,0,2.4,94.68
9/20/2015,12:35:53,14.56,0.757,7.13,-33.7,55.52,3.65,0,0.5,95.76
9/20/2015,12:40:53,14.57,0.757,7.13,-33.6,54.45,3.63,0,0,95.98
9/20/2015,12:45:53,14.53,0.757,7.13,-33.5,54.48,3.64,0,-0.1,95.08
9/20/2015,12:50:53,14.55,0.757,7.13,-33.6,54.47,3.67,0,-0.2,94.61
9/20/2015,12:55:53,14.57,0.757,7.13,-33.6,54.32,3.71,0,-0.2,94.76
9/20/2015,13:00:53,14.54,0.757,7.13,-33.5,54.3,3.68,0,-0.4,94.16
9/20/2015,13:05:53,14.54,0.757,7.13,-33.5,54.03,3.7,0,-0.3,93.89
9/20/2015,13:10:53,14.59,0.757,7.13,-33.4,53.89,3.69,0,-0.3,94.03
9/20/2015,13:15:53,14.63,0.757,7.13,-33.4,53.76,3.69,0,-0.4,94.19
9/20/2015,13:20:53,14.61,0.757,7.13,-33.7,54.06,3.69,0,-0.4,94.39
9/20/2015,13:25:53,14.53,0.757,7.13,-33.6,53.75,3.69,0,-0.4,94.15
9/20/2015,13:30:53,14.53,0.757,7.13,-33.6,53.83,3.71,0,-0.3,94.01
9/20/2015,13:35:53,14.58,0.757,7.13,-33.5,53.78,3.74,0,-0.3,94.06
9/20/2015,13:40:53,14.58,0.757,7.13,-33.5,53.73,3.78,0,-0.3,93.73
9/20/2015,13:45:53,14.53,0.757,7.13,-33.4,53.93,3.75,0,-0.3,93.3
9/20/2015,13:50:53,14.49,0.758,7.12,-33.3,53.86,3.72,0,0,92.95
9/20/2015,13:55:53,14.45,0.758,7.12,-33.3,53.91,3.77,0,0,92.38
9/20/2015,14:00:54,14.41,0.757,7.13,-33.4,54.53,3.76,0,-0.2,92.38
9/20/2015,14:05:54,14.37,0.758,7.13,-33.5,54.58,3.74,0,-0.2,92.47
9/20/2015,14:10:53,14.38,0.758,7.13,-33.4,54.47,3.77,0,-0.3,92.58
9/20/2015,14:15:53,14.4,0.757,7.13,-33.6,54.64,3.74,0,-0.3,92.9
9/20/2015,14:20:53,14.47,0.758,7.13,-33.7,54.59,3.72,0,-0.3,93.84
9/20/2015,14:25:53,14.5,0.757,7.13,-33.4,54.52,3.73,0,-0.4,93.34
9/20/2015,14:30:54,14.5,0.758,7.13,-33.5,55.88,3.7,0,0.1,91.86
9/20/2015,14:35:54,14.49,0.758,7.12,-33.3,56.14,3.68,0,-0.4,91.19
9/20/2015,14:40:53,14.47,0.758,7.12,-33.3,56.02,3.71,0,-0.3,90.71
9/20/2015,14:45:53,14.44,0.758,7.12,-33.3,55.85,3.68,0,-0.3,90.39
9/20/2015,14:50:53,14.41,0.758,7.12,-33.3,56.11,3.65,0,-0.4,89.77
9/20/2015,14:55:53,14.38,0.758,7.12,-33.1,52.82,3.75,0,-0.4,89.19
9/20/2015,15:00:53,14.38,0.758,7.12,-33.3,55.28,3.71,0,-0.3,89.08
9/20/2015,15:05:53,14.38,0.758,7.12,-33.1,54.29,3.73,0,-0.1,89.1
9/20/2015,15:10:53,14.4,0.758,7.12,-33.1,53.99,3.74,0,-0.3,89.36
9/20/2015,15:15:53,14.41,0.757,7.12,-33.3,54.47,3.72,0,0.4,89.54
9/20/2015,15:20:53,14.41,0.758,7.12,-33.2,53.71,3.72,0,-0.3,89.6
9/20/2015,15:25:54,14.41,0.758,7.12,-33.2,53.8,3.76,0,-0.2,89.72
9/20/2015,15:30:53,14.41,0.758,7.13,-33.4,54.99,3.71,0,-0.4,89.64
9/20/2015,15:35:53,14.4,0.758,7.12,-33.3,54.71,3.69,0,-0.2,89.53
9/20/2015,15:40:53,14.38,0.758,7.12,-33.2,54.62,3.72,0,-0.4,89.35
9/20/2015,15:45:53,14.35,0.758,7.12,-33.1,53.53,3.74,0,-0.3,88.7
9/20/2015,15:50:53,14.32,0.758,7.12,-33.2,55.68,3.75,0,-0.3,88.22
9/20/2015,15:55:53,14.29,0.758,7.12,-33,54.58,3.82,0,-0.4,87.79
9/20/2015,16:00:53,14.29,0.758,7.12,-33.1,54.96,3.71,0,0.2,87.94
9/20/2015,16:05:54,14.27,0.758,7.12,-33.1,54.13,3.76,0,-0.3,87.85
9/20/2015,16:10:54,14.26,0.758,7.12,-33.1,54.49,3.83,0,-0.4,87.66
9/20/2015,16:15:53,14.25,0.758,7.12,-32.9,54.27,3.81,0,-0.4,87.53
9/20/2015,16:20:54,14.24,0.758,7.12,-33.1,54.55,3.78,0,-0.4,87.41
9/20/2015,16:25:53,14.25,0.758,7.12,-32.9,55.77,3.78,0,-0.4,88.14
9/20/2015,16:30:54,14.26,0.758,7.12,-33.1,54.79,3.76,0,-0.3,88.57
9/20/2015,16:35:54,14.25,0.758,7.12,-33,54.13,3.74,0,-0.3,88.13
9/20/2015,16:40:53,14.24,0.758,7.12,-33.1,54.39,3.76,0,0,88.25
9/20/2015,16:45:53,14.23,0.758,7.12,-33.1,54.13,3.77,0,-0.4,88.18
9/20/2015,16:50:53,14.23,0.758,7.12,-33,53.75,3.76,0,-0.4,88.06
9/20/2015,16:55:53,14.22,0.758,7.12,-32.9,54.05,3.78,0,-0.4,88
9/20/2015,17:00:53,14.2,0.758,7.12,-32.8,54.25,3.81,0,-0.2,86.96
9/20/2015,17:05:53,14.19,0.758,7.11,-32.7,53.76,3.82,0,-0.4,86.66
9/20/2015,17:10:53,14.19,0.758,7.11,-32.8,54.24,3.8,0,-0.2,87
9/20/2015,17:15:53,14.18,0.758,7.12,-33,54.44,3.73,0,0.3,86.88
9/20/2015,17:20:53,14.19,0.758,7.12,-33,54.32,3.81,0,-0.2,87
9/20/2015,17:25:53,14.18,0.758,7.12,-32.9,54.4,3.81,0,-0.3,87.08
9/20/2015,17:30:53,14.17,0.758,7.11,-32.8,54.05,3.86,0,-0.3,86.66
9/20/2015,17:35:53,14.17,0.758,7.12,-33,54.53,3.8,0,-0.4,86.27
9/20/2015,17:40:53,14.17,0.758,7.12,-32.9,54.2,3.79,0,-0.2,85.91
9/20/2015,17:45:54,14.16,0.759,7.12,-32.8,54.15,3.79,0,-0.3,85.35
9/20/2015,17:50:53,14.14,0.759,7.11,-32.7,54.23,3.86,0,-0.4,84.67
9/20/2015,17:55:54,14.13,0.759,7.12,-32.9,54.05,3.81,0,-0.3,84.29
9/20/2015,18:00:53,14.12,0.759,7.11,-32.7,53.62,3.85,0,-0.2,84.03
9/20/2015,18:05:54,14.11,0.759,7.11,-32.8,53.9,3.78,0,-0.4,83.66
9/20/2015,18:10:53,14.1,0.759,7.11,-32.6,54,3.87,0,-0.4,83.79
9/20/2015,18:15:53,14.1,0.759,7.11,-32.6,54.13,3.81,0,-0.4,83.72
9/20/2015,18:20:54,14.09,0.759,7.11,-32.6,54.02,3.77,0,-0.2,83.47
9/20/2015,18:25:53,14.08,0.759,7.11,-32.5,54.1,3.8,0,-0.3,83.25
9/20/2015,18:30:53,14.07,0.759,7.11,-32.6,54.48,3.82,0,-0.4,82.99
9/20/2015,18:35:53,14.06,0.759,7.11,-32.3,53.55,3.85,0,-0.4,82.8
9/20/2015,18:40:53,14.06,0.759,7.11,-32.3,54.16,3.83,0,-0.3,82.68
9/20/2015,18:45:53,14.05,0.759,7.11,-32.4,54.23,3.87,0,-0.4,82.57
9/20/2015,18:50:53,14.05,0.759,7.11,-32.5,54.36,3.87,0,-0.3,82.51
9/20/2015,18:55:53,14.04,0.759,7.11,-32.5,54.38,3.88,0,-0.3,82.41
9/20/2015,19:00:53,14.04,0.759,7.11,-32.6,54.45,3.88,0,-0.3,82.31
9/20/2015,19:05:53,14.04,0.759,7.11,-32.6,54.84,3.85,0,-0.4,82.19
9/20/2015,19:10:53,14.03,0.759,7.11,-32.7,54.79,3.84,0,-0.3,82.08
9/20/2015,19:15:53,14.03,0.76,7.11,-32.5,54.35,3.82,0,-0.3,81.98
9/20/2015,19:20:53,14.03,0.759,7.11,-32.6,54.64,3.83,0,-0.2,81.96
9/20/2015,19:25:53,14.02,0.759,7.11,-32.5,54.09,3.91,0,0,81.8
9/20/2015,19:30:53,14.02,0.76,7.11,-32.5,54.05,3.88,0,0,81.81
9/20/2015,19:35:53,14.02,0.76,7.11,-32.5,54.11,3.88,0,-0.2,81.79
9/20/2015,19:40:53,14.01,0.76,7.11,-32.7,54.58,3.86,0,-0.1,81.81
9/20/2015,19:45:53,14.01,0.76,7.11,-32.5,54.24,3.83,0,0,81.73
9/20/2015,19:50:53,14.01,0.76,7.11,-32.7,54.68,3.84,0,-0.1,81.72
9/20/2015,19:55:53,14.01,0.76,7.11,-32.6,54.43,3.86,0,0,81.69
9/20/2015,20:00:53,14.01,0.76,7.11,-32.5,54.38,3.84,0,-0.2,81.72
9/20/2015,20:05:53,14.01,0.76,7.11,-32.5,54.31,3.86,0,0,81.67
9/20/2015,20:10:53,14,0.76,7.11,-32.5,54.26,3.89,0,-0.1,81.63
9/20/2015,20:15:53,14,0.76,7.11,-32.5,54.47,3.86,0,0,81.58
9/20/2015,20:20:53,14,0.76,7.11,-32.6,54.69,3.84,0,0.2,81.59
9/20/2015,20:25:53,14,0.76,7.11,-32.7,54.92,3.88,0,0,81.58
9/20/2015,20:30:54,13.99,0.76,7.11,-32.7,55.07,3.81,0,0,81.5
9/20/2015,20:35:53,13.99,0.76,7.11,-32.8,55.1,3.86,0,-0.1,81.58
9/20/2015,20:40:53,13.98,0.76,7.11,-32.7,54.82,3.83,0,-0.2,81.58
9/20/2015,20:45:54,13.98,0.76,7.12,-32.8,55.19,3.8,0,0.1,81.63
9/20/2015,20:50:54,13.98,0.761,7.11,-32.7,54.82,3.86,0,-0.2,81.62
9/20/2015,20:55:54,13.98,0.761,7.11,-32.7,54.9,3.82,0,-0.3,81.73
9/20/2015,21:00:53,13.98,0.761,7.11,-32.7,54.84,3.85,0,-0.3,81.63
9/20/2015,21:05:54,13.98,0.761,7.11,-32.7,54.85,3.82,0,-0.2,81.52
9/20/2015,21:10:53,13.97,0.761,7.11,-32.7,54.85,3.81,0,-0.2,81.63
9/20/2015,21:15:53,13.97,0.761,7.12,-32.8,55.27,3.85,0,0,81.66
9/20/2015,21:20:53,13.97,0.761,7.11,-32.7,54.83,3.88,0,-0.4,81.56
9/20/2015,21:25:53,13.97,0.761,7.12,-32.8,55.12,3.84,0,-0.1,81.54
9/20/2015,21:30:53,13.97,0.761,7.11,-32.7,54.95,3.8,0,-0.2,81.63
9/20/2015,21:35:54,13.96,0.761,7.12,-32.8,55.25,3.78,0,-0.3,81.63
9/20/2015,21:40:53,13.96,0.761,7.11,-32.7,54.93,3.89,0,-0.3,81.62
9/20/2015,21:45:53,13.96,0.761,7.12,-32.8,55.28,3.82,0,-0.3,81.56
9/20/2015,21:50:54,13.96,0.761,7.12,-32.8,55.38,3.78,0,-0.3,81.64
9/20/2015,21:55:53,13.96,0.761,7.11,-32.7,54.97,3.83,0,-0.2,81.62
9/20/2015,22:00:53,13.96,0.761,7.11,-32.7,54.99,3.84,0,-0.1,81.6
9/20/2015,22:05:53,13.95,0.761,7.11,-32.7,55.01,3.86,0,-0.3,81.65
9/20/2015,22:10:53,13.95,0.762,7.12,-32.8,55.37,3.83,0,-0.3,81.69
9/20/2015,22:15:53,13.95,0.762,7.11,-32.7,55.18,3.85,0,-0.2,81.7
9/20/2015,22:20:53,13.95,0.762,7.12,-32.9,55.61,3.86,0,-0.3,81.65
9/20/2015,22:25:53,13.95,0.762,7.11,-32.8,55.15,3.84,0,-0.2,81.63
9/20/2015,22:30:53,13.95,0.762,7.11,-32.7,55.18,3.85,0,-0.2,81.64
9/20/2015,22:35:52,13.95,0.762,7.11,-32.7,55.21,3.87,0,-0.3,81.63
9/20/2015,22:40:53,13.94,0.762,7.12,-32.9,55.72,3.8,0,-0.4,81.71
9/20/2015,22:45:53,13.94,0.762,7.12,-33,55.78,3.85,0,-0.2,81.63
9/20/2015,22:50:53,13.94,0.762,7.11,-32.8,55.39,3.83,0,-0.1,81.68
9/20/2015,22:55:53,13.94,0.762,7.12,-32.9,55.67,3.87,0,-0.2,81.69
9/20/2015,23:00:53,13.94,0.763,7.12,-32.8,55.51,3.86,0,-0.3,81.68
9/20/2015,23:05:53,13.93,0.762,7.12,-32.9,55.74,3.85,0,-0.3,81.62
9/20/2015,23:10:53,13.93,0.762,7.12,-32.8,55.4,3.84,0,-0.2,81.61
9/20/2015,23:15:53,13.93,0.763,7.12,-32.8,55.4,3.9,0,-0.2,81.64
9/20/2015,23:20:53,13.93,0.763,7.12,-33,55.93,3.79,0,-0.2,81.61
9/20/2015,23:25:53,13.93,0.763,7.12,-33,55.93,3.85,0,-0.5,81.61
9/20/2015,23:30:53,13.93,0.763,7.12,-33,56.09,3.91,0,0,81.61
9/20/2015,23:35:53,13.93,0.763,7.12,-33,56.02,3.82,0,-0.3,81.63
9/20/2015,23:40:53,13.92,0.763,7.12,-32.9,55.61,3.84,0,-0.2,81.62
9/20/2015,23:45:53,13.92,0.763,7.12,-33,55.83,3.86,0,-0.1,81.59
9/20/2015,23:50:53,13.92,0.763,7.12,-32.9,55.48,3.89,0,0,81.61
9/20/2015,23:55:53,13.92,0.763,7.12,-32.9,55.66,3.84,0,-0.3,81.66
9/21/2015,0:00:53,13.92,0.763,7.12,-33,56.05,3.8,0,-0.3,81.66
9/21/2015,0:05:53,13.92,0.763,7.12,-33.1,56.22,3.86,0,-0.1,81.66
9/21/2015,0:10:53,13.91,0.764,7.12,-33.1,56.18,3.85,0,-0.4,81.68
9/21/2015,0:15:53,13.91,0.764,7.12,-33.1,56.12,3.84,0,-0.4,81.67
9/21/2015,0:20:53,13.91,0.764,7.12,-33.1,56.21,3.84,0,-0.3,81.63
9/21/2015,0:25:53,13.91,0.764,7.12,-32.9,55.67,3.9,0,-0.1,81.58
9/21/2015,0:30:53,13.91,0.764,7.12,-33,55.9,3.97,0,-0.2,81.65
9/21/2015,0:35:53,13.91,0.764,7.12,-33.1,56.1,3.89,0,-0.3,81.65
9/21/2015,0:40:53,13.91,0.764,7.12,-33.1,56.24,3.89,0,-0.2,81.63
9/21/2015,0:45:53,13.91,0.764,7.12,-33,55.71,3.87,0,-0.2,81.67
9/21/2015,0:50:53,13.9,0.764,7.12,-33.1,56.2,3.91,0,-0.3,81.64
9/21/2015,0:55:53,13.9,0.764,7.12,-33.1,56.19,3.87,0,-0.3,81.68
9/21/2015,1:00:53,13.9,0.764,7.12,-33,55.98,3.92,0,-0.1,81.68
9/21/2015,1:05:53,13.91,0.764,7.12,-33,56,3.91,0,0.1,81.68
9/21/2015,1:10:53,13.91,0.765,7.12,-32.9,55.84,3.86,0,-0.1,81.66
9/21/2015,1:15:53,13.91,0.765,7.12,-33.1,56.29,3.94,0,-0.3,81.66
9/21/2015,1:20:53,13.9,0.765,7.12,-33,56.14,3.91,0,-0.3,81.68
9/21/2015,1:25:53,13.9,0.765,7.12,-33.1,56.35,3.87,0,0,81.69
9/21/2015,1:30:53,13.9,0.765,7.12,-33.2,56.37,3.88,0,-0.2,81.67
9/21/2015,1:35:53,13.9,0.765,7.12,-33.2,56.39,3.86,0,-0.3,81.69
9/21/2015,1:40:53,13.9,0.765,7.12,-33.1,56.09,3.88,0,-0.2,81.62
9/21/2015,1:45:53,13.89,0.765,7.12,-33.2,56.73,3.94,0,0.5,81.68
9/21/2015,1:50:53,13.89,0.765,7.12,-33.2,56.63,3.88,0,-0.3,81.66
9/21/2015,1:55:53,13.89,0.765,7.12,-33.1,56.22,3.88,0,-0.2,81.72
9/21/2015,2:00:53,13.89,0.765,7.12,-33.3,56.52,3.85,0,-0.2,81.61
9/21/2015,2:05:53,13.88,0.765,7.12,-33.3,56.61,3.88,0,-0.3,81.67
9/21/2015,2:10:54,13.88,0.765,7.12,-33.3,56.52,3.83,0,-0.3,81.67
9/21/2015,2:15:54,13.88,0.765,7.12,-33.1,56.38,3.84,0,-0.2,81.63
9/21/2015,2:20:53,13.88,0.766,7.12,-33.1,56.33,3.86,0,-0.2,81.63
9/21/2015,2:25:53,13.87,0.766,7.12,-33.3,56.55,3.83,0,-0.4,81.68
9/21/2015,2:30:54,13.88,0.766,7.12,-33.3,56.51,3.83,0,-0.2,81.63
9/21/2015,2:35:54,13.88,0.766,7.12,-33.1,56.13,3.88,0,-0.4,81.65
9/21/2015,2:40:53,13.87,0.766,7.12,-33.3,56.63,3.9,0,-0.3,81.68
9/21/2015,2:45:53,13.87,0.766,7.12,-33.3,56.68,3.89,0,-0.2,81.66
9/21/2015,2:50:53,13.87,0.766,7.12,-33.3,56.66,3.88,0,-0.2,81.65
9/21/2015,2:55:53,13.87,0.766,7.12,-33.1,56.24,3.88,0,-0.2,81.62
9/21/2015,3:00:53,13.87,0.766,7.12,-33.3,56.72,3.86,0,-0.2,81.47
9/21/2015,3:05:53,13.87,0.766,7.12,-33.1,56.4,3.88,0,0,81.65
9/21/2015,3:10:53,13.87,0.766,7.12,-33.3,56.7,3.89,0,0,81.63
9/21/2015,3:15:53,13.86,0.766,7.12,-33.3,56.59,3.92,0,-0.3,81.53
9/21/2015,3:20:53,13.86,0.766,7.12,-33.3,56.76,3.91,0,-0.2,81.57
9/21/2015,3:25:53,13.86,0.767,7.12,-33.1,56.51,3.92,0,0.2,81.55
9/21/2015,3:30:53,13.86,0.767,7.12,-33.3,56.79,3.9,0,-0.2,81.64
9/21/2015,3:35:53,13.86,0.767,7.12,-33.3,56.78,3.84,0,-0.2,81.66
9/21/2015,3:40:53,13.86,0.767,7.12,-33.1,56.54,3.89,0,-0.1,81.63
9/21/2015,3:45:53,13.85,0.767,7.12,-33.3,56.89,3.88,0,-0.2,81.65
9/21/2015,3:50:53,13.85,0.767,7.12,-33.1,56.28,3.89,0,-0.3,81.64
9/21/2015,3:55:53,13.85,0.767,7.12,-33.3,56.94,3.9,0,0,81.66
9/21/2015,4:00:53,13.85,0.767,7.12,-33.3,56.94,3.89,0,-0.1,81.67
9/21/2015,4:05:53,13.85,0.767,7.12,-33.3,57.09,3.84,0,-0.2,81.63
9/21/2015,4:10:53,13.85,0.767,7.12,-33.1,56.69,3.99,0,-0.2,81.69
9/21/2015,4:15:53,13.84,0.767,7.12,-33.3,56.97,3.9,0,-0.2,81.71
9/21/2015,4:20:53,13.84,0.767,7.12,-33.1,56.58,3.9,0,-0.1,81.65
9/21/2015,4:25:53,13.85,0.768,7.12,-33.2,56.84,3.87,0,-0.2,81.64
9/21/2015,4:30:53,13.85,0.767,7.12,-33.3,57.05,3.87,0,-0.2,81.63
9/21/2015,4:35:53,13.85,0.768,7.12,-33.1,56.59,3.94,0,-0.2,81.59
9/21/2015,4:40:53,13.84,0.768,7.12,-33.3,57.04,3.87,0,-0.2,81.63
9/21/2015,4:45:53,13.84,0.768,7.12,-33.2,56.71,3.85,0,-0.3,81.6
9/21/2015,4:50:53,13.84,0.767,7.12,-33.3,57.07,3.93,0,-0.3,81.64
9/21/2015,4:55:53,13.84,0.768,7.12,-33.2,56.71,3.92,0,0.1,81.69
9/21/2015,5:00:53,13.84,0.768,7.12,-33.3,57.14,3.89,0,-0.2,81.68
9/21/2015,5:05:53,13.84,0.768,7.12,-33.3,56.76,3.83,0,-0.1,81.59
9/21/2015,5:10:53,13.83,0.768,7.13,-33.4,57.24,3.88,0,-0.2,81.58
9/21/2015,5:15:53,13.83,0.768,7.12,-33.3,56.79,3.88,0,-0.3,81.68
9/21/2015,5:20:53,13.83,0.768,7.12,-33.2,56.68,3.86,0,-0.2,81.71
9/21/2015,5:25:53,13.83,0.768,7.13,-33.4,57.15,3.87,0,-0.2,81.61
9/21/2015,5:30:53,13.83,0.768,7.12,-33.3,56.65,3.9,0,0.1,81.63
9/21/2015,5:35:53,13.83,0.768,7.12,-33.3,57.18,3.93,0,0.3,81.68
9/21/2015,5:40:53,13.83,0.768,7.12,-33.3,57.48,3.9,0,0,81.67
9/21/2015,5:45:53,13.82,0.768,7.13,-33.4,57.71,3.88,0,0,81.65
9/21/2015,5:50:53,13.82,0.768,7.13,-33.4,57.84,3.88,0,-0.2,81.63
9/21/2015,5:55:53,13.82,0.769,7.12,-33.3,57.53,3.87,0,-0.1,81.68
9/21/2015,6:00:52,13.82,0.769,7.13,-33.5,57.9,3.94,0,-0.2,81.67
9/21/2015,6:05:53,13.82,0.769,7.13,-33.5,58.03,3.93,0,-0.2,81.71
9/21/2015,6:10:53,13.82,0.769,7.13,-33.4,57.51,3.85,0,0.1,81.69
9/21/2015,6:15:53,13.82,0.769,7.13,-33.4,57.32,3.84,0,0,81.76
9/21/2015,6:20:53,13.81,0.769,7.13,-33.5,57.84,3.85,0,0,81.74
9/21/2015,6:25:53,13.81,0.769,7.13,-33.6,57.88,3.88,0,-0.2,81.73
9/21/2015,6:30:53,13.81,0.769,7.13,-33.6,57.76,3.89,0,0,81.76
9/21/2015,6:35:53,13.81,0.769,7.13,-33.4,57.14,3.9,0,-0.2,81.82
9/21/2015,6:40:53,13.81,0.769,7.13,-33.6,58.5,3.87,0,-0.4,81.82
9/21/2015,6:45:53,13.81,0.769,7.13,-33.4,57.67,3.85,0,-0.3,81.91
9/21/2015,6:50:53,13.81,0.769,7.13,-33.6,58.01,3.93,0,0.2,81.89
9/21/2015,6:55:53,13.81,0.768,7.13,-33.4,57.65,3.88,0,-0.3,81.99
9/21/2015,7:00:53,13.81,0.768,7.13,-33.6,58.07,3.82,0,-0.4,82.08
9/21/2015,7:05:53,13.82,0.768,7.13,-33.4,57.65,3.85,0,0,82.15
9/21/2015,7:10:54,13.82,0.769,7.13,-33.6,57.82,3.81,0,-0.4,82.25
9/21/2015,7:15:54,13.82,0.769,7.13,-33.4,57.58,3.81,0,-0.3,82.32
9/21/2015,7:20:53,13.82,0.77,7.13,-33.6,57.85,3.81,0,-0.5,82.51
9/21/2015,7:25:54,13.82,0.77,7.13,-33.4,58.03,3.8,0,0.1,82.56
9/21/2015,7:30:53,13.82,0.77,7.13,-33.6,57.53,3.79,0,-0.2,82.65
9/21/2015,7:35:53,13.83,0.77,7.13,-33.7,58.37,3.84,0,-0.5,82.74
9/21/2015,7:40:53,13.83,0.77,7.13,-33.6,57.67,3.81,0,-0.5,82.82
9/21/2015,7:45:53,13.83,0.77,7.13,-33.8,58.03,3.79,0,-0.5,82.92
9/21/2015,7:50:54,13.84,0.77,7.13,-33.8,58.07,3.76,0,-0.4,82.98
9/21/2015,7:55:53,13.84,0.77,7.13,-33.6,57.45,3.8,0,-0.4,83.02
9/21/2015,8:00:53,13.84,0.77,7.13,-33.6,57.68,3.83,0,-0.5,83.09
9/21/2015,8:05:53,13.85,0.77,7.13,-33.6,57.82,3.81,0,-0.5,83.09
9/21/2015,8:10:53,13.86,0.77,7.13,-33.5,57.92,3.83,0,-0.3,83.22
9/21/2015,8:15:53,13.87,0.77,7.13,-33.6,57.58,3.77,0,-0.5,83.24
9/21/2015,8:20:53,13.88,0.771,7.13,-33.8,57.93,3.79,0,-0.4,83.43
9/21/2015,8:25:53,13.89,0.771,7.13,-33.6,57.53,3.81,0,-0.4,83.47
9/21/2015,8:30:53,13.9,0.771,7.13,-33.6,57.42,3.79,0,-0.5,83.54
9/21/2015,8:35:53,13.91,0.77,7.13,-33.6,57.23,3.8,0,-0.5,83.6
9/21/2015,8:40:53,13.92,0.771,7.13,-33.6,57.57,3.76,0,-0.5,83.65
9/21/2015,8:45:53,13.93,0.771,7.13,-33.6,57.34,3.8,0,-0.5,83.82
9/21/2015,8:50:53,13.94,0.771,7.13,-33.6,57.5,3.79,0,-0.4,84.13
9/21/2015,8:55:53,13.95,0.771,7.13,-33.8,57.77,3.76,0,-0.4,84.29
9/21/2015,9:00:53,13.96,0.771,7.13,-33.8,57.95,3.76,0,-0.4,84.21
9/21/2015,9:05:53,13.97,0.771,7.13,-33.6,57.78,3.84,0,-0.6,84.33
9/21/2015,9:10:53,13.97,0.771,7.13,-33.6,57.8,3.76,0,-0.5,84.3
9/21/2015,9:15:53,13.99,0.771,7.13,-33.8,57.18,3.76,0,-0.5,84.55
9/21/2015,9:20:53,14,0.771,7.13,-33.8,57.25,3.74,0,-0.5,84.77
9/21/2015,9:25:53,14.02,0.771,7.13,-33.6,55.57,3.84,0,-0.6,85.15
9/21/2015,9:30:53,14.04,0.771,7.13,-33.6,57.03,3.81,0,-0.5,85.78
9/21/2015,9:35:53,14.07,0.771,7.13,-33.7,57.37,3.77,0,-0.5,86.25
9/21/2015,9:40:53,14.08,0.771,7.13,-33.7,57.27,3.83,0,-0.4,86.56
9/21/2015,9:45:53,14.09,0.771,7.13,-33.7,57.4,3.79,0,-0.5,86.55
9/21/2015,9:50:53,14.08,0.771,7.13,-33.7,57.44,3.77,0,-0.5,86.22
9/21/2015,9:55:53,14.09,0.771,7.13,-33.8,57.91,3.72,0,-0.4,86.38
9/21/2015,10:00:53,14.09,0.771,7.13,-33.9,57.55,3.77,0,0,86.45
9/21/2015,10:05:53,14.09,0.771,7.13,-33.8,57.26,3.75,0,0.1,86.21
9/21/2015,10:10:53,14.09,0.772,7.13,-33.6,56.79,3.78,0,-0.3,86.05
9/21/2015,10:15:53,14.09,0.772,7.13,-33.7,57.1,3.8,0,-0.5,85.89
9/21/2015,10:20:53,14.09,0.771,7.13,-33.8,57.1,3.8,0,0.1,85.8
9/21/2015,10:25:53,14.09,0.771,7.13,-33.8,57.22,3.87,0,-0.3,85.78
9/21/2015,10:30:53,14.09,0.771,7.13,-33.8,57.13,3.85,0,-0.5,85.79
9/21/2015,10:35:54,14.1,0.771,7.13,-33.6,56.74,3.8,0,-0.5,85.94
9/21/2015,10:40:53,14.12,0.771,7.13,-33.7,56.78,3.8,0,-0.5,86.26
9/21/2015,10:45:53,14.15,0.771,7.13,-33.8,56.79,3.79,0,-0.5,86.94
9/21/2015,10:50:53,14.19,0.771,7.13,-33.9,56.5,3.8,0,-0.6,87.63
9/21/2015,10:55:54,14.23,0.771,7.14,-34.1,56.87,3.72,0,-0.5,88.48
9/21/2015,11:00:54,14.28,0.771,7.14,-33.9,56.48,3.73,0,-0.6,89.36
9/21/2015,11:05:53,14.31,0.771,7.14,-34.2,57.54,3.66,0,-0.5,90.06
9/21/2015,11:10:53,14.34,0.771,7.14,-34.1,57.13,3.63,0,-0.5,90.61
9/21/2015,11:15:53,14.36,0.771,7.14,-34.4,57.82,3.66,0,-0.5,91.12
9/21/2015,11:20:53,14.38,0.771,7.14,-34.3,57.19,3.64,0,-0.4,91.52
9/21/2015,11:25:53,14.41,0.771,7.14,-34.3,57.37,3.67,0,-0.6,91.84
9/21/2015,11:30:53,14.43,0.771,7.14,-34.3,57.57,3.67,0,-0.4,92
9/21/2015,11:35:53,14.46,0.771,7.14,-34.4,57.6,3.67,0,-0.4,92.25
9/21/2015,11:40:53,14.49,0.771,7.15,-34.6,57.85,3.66,0,-0.5,92.53
9/21/2015,11:45:53,14.52,0.772,7.15,-34.7,58.46,3.67,0,-0.2,92.97
9/21/2015,11:50:53,14.52,0.772,7.14,-34.5,57.66,3.66,0,0.2,92.98
9/21/2015,11:55:53,14.55,0.772,7.15,-34.5,57.72,3.66,0,-0.5,93.25
9/21/2015,12:00:53,14.58,0.772,7.15,-34.5,58.39,3.62,0,-0.6,93.83
9/21/2015,12:05:53,14.61,0.772,7.15,-34.6,57.22,3.68,0,-0.5,94.16
9/21/2015,12:10:53,14.64,0.772,7.15,-34.6,56.61,3.66,0,-0.6,94.61
9/21/2015,12:15:53,14.68,0.772,7.15,-34.7,57.23,3.6,0,12,94.93
9/21/2015,12:20:53,14.71,0.771,7.15,-34.7,57.83,3.64,0,-0.3,95.4
9/21/2015,12:25:53,14.73,0.773,7.15,-34.8,58.58,3.62,0,-0.5,95.58
9/21/2015,12:30:53,14.75,0.773,7.15,-34.8,57.86,3.65,0,-0.5,95.67
9/21/2015,12:35:53,14.74,0.772,7.15,-34.8,57.34,3.65,0,-0.3,95.43
9/21/2015,12:40:53,14.74,0.772,7.15,-34.9,58.02,3.59,0,-0.3,95.33
9/21/2015,12:45:53,14.73,0.772,7.15,-34.8,57.89,3.63,0,-0.4,95.1
9/21/2015,12:50:53,14.72,0.773,7.15,-34.9,57.88,3.61,0,-0.4,94.74
9/21/2015,12:55:53,14.71,0.773,7.15,-34.7,57.39,3.57,0,-0.2,94.64
9/21/2015,13:00:53,14.7,0.773,7.15,-34.6,57.35,3.57,0,-0.4,94.49
9/21/2015,13:05:53,14.69,0.773,7.15,-34.8,57.54,3.62,0,-0.2,94.16
9/21/2015,13:10:53,14.67,0.773,7.15,-34.7,57.22,3.65,0,-0.5,93.78
9/21/2015,13:15:53,14.67,0.772,7.15,-34.5,56.92,3.63,0,-0.3,93.69
9/21/2015,13:20:53,14.66,0.773,7.15,-34.7,57.46,3.67,0,-0.5,93.63
9/21/2015,13:25:53,14.65,0.773,7.15,-34.5,57.12,3.67,0,-0.4,93.33
9/21/2015,13:30:53,14.64,0.773,7.14,-34.4,57.1,3.65,0,-0.4,93.1
9/21/2015,13:35:53,14.64,0.773,7.15,-34.5,57.09,3.68,0,-0.5,93.06
9/21/2015,13:40:53,14.63,0.772,7.15,-34.6,57.52,3.66,0,1.9,93.06
9/21/2015,13:45:53,14.61,0.773,7.15,-34.6,57.98,3.65,0,2.6,92.49
9/21/2015,13:50:53,14.59,0.773,7.14,-34.4,57.62,3.64,0,0,91.99
9/21/2015,13:55:53,14.58,0.773,7.14,-34.4,57.48,3.64,0,-0.1,91.75
9/21/2015,14:00:53,14.57,0.773,7.14,-34.5,58.58,3.68,0,0.3,91.66
9/21/2015,14:05:53,14.54,0.773,7.14,-34.4,58.15,3.69,0,-0.3,91.3
9/21/2015,14:10:53,14.52,0.773,7.14,-34.2,57.63,3.67,0,-0.4,90.92
9/21/2015,14:15:53,14.5,0.773,7.14,-34.4,57.72,3.75,0,-0.4,90.68
9/21/2015,14:20:53,14.49,0.773,7.14,-34.3,58.2,3.7,0,-0.4,90.74
9/21/2015,14:25:53,14.5,0.773,7.14,-34.2,57.23,3.7,0,-0.2,90.85
9/21/2015,14:30:53,14.5,0.774,7.14,-34.2,59.11,3.65,0,-0.3,90.85
9/21/2015,14:35:53,14.48,0.773,7.14,-34.1,59.68,3.71,0,-0.4,90.66
9/21/2015,14:40:53,14.47,0.773,7.14,-34.2,60.14,3.69,0,-0.4,90.3
9/21/2015,14:45:53,14.44,0.773,7.14,-34.1,59.59,3.62,0,-0.4,89.98
9/21/2015,14:50:53,14.4,0.774,7.14,-34,58.42,3.69,0,-0.3,89.12
9/21/2015,14:55:53,14.37,0.775,7.13,-33.9,56.92,3.66,0,-0.2,88.41
9/21/2015,15:00:53,14.36,0.776,7.13,-33.9,57.78,3.67,0,-0.4,88.49
9/21/2015,15:05:53,14.36,0.774,7.13,-33.9,56.62,3.72,0,-0.3,88.43
9/21/2015,15:10:53,14.38,0.773,7.13,-33.9,57.01,3.69,0,0.3,88.83
9/21/2015,15:15:53,14.38,0.774,7.13,-33.9,56.72,3.69,0,510.4,89.02
9/21/2015,15:20:53,14.39,0.772,7.14,-34.1,57.59,3.69,0,-0.2,89.2
9/21/2015,15:25:53,14.4,0.772,7.14,-33.9,57.24,3.72,0,-0.5,89.33
9/21/2015,15:30:53,14.39,0.773,7.14,-34.1,57.76,3.67,0,-0.4,89.25
9/21/2015,15:35:53,14.37,0.772,7.14,-34.1,57.74,3.64,0,-0.2,88.98
9/21/2015,15:40:53,14.35,0.772,7.13,-33.9,57.94,3.69,0,-0.3,88.56
9/21/2015,15:45:53,14.32,0.773,7.13,-33.8,57.44,3.71,0,-0.4,87.92
9/21/2015,15:50:54,14.29,0.772,7.13,-33.8,57.58,3.69,0,-0.4,87.58
9/21/2015,15:55:54,14.27,0.772,7.13,-33.7,57.61,3.7,0,-0.3,87.23
9/21/2015,16:00:54,14.26,0.778,7.13,-33.6,57.76,3.72,0,-0.4,86.96
9/21/2015,16:05:53,14.23,0.772,7.13,-33.8,58.09,3.73,0,-0.5,86.5
9/21/2015,16:10:53,14.22,0.772,7.13,-33.6,57.51,3.74,0,-0.3,86.22
9/21/2015,16:15:53,14.21,0.772,7.13,-33.8,57.39,3.7,0,-0.4,86.02
9/21/2015,16:20:53,14.2,0.772,7.13,-33.6,57.39,3.75,0,-0.4,85.91
9/21/2015,16:25:53,14.19,0.775,7.13,-33.8,57.8,3.7,0,-0.4,85.88
9/21/2015,16:30:53,14.19,0.773,7.13,-33.8,58.27,3.72,0,-0.4,86.08
9/21/2015,16:35:53,14.2,0.773,7.13,-33.8,58.18,3.76,0,-0.5,86.51
9/21/2015,16:40:53,14.2,0.773,7.13,-33.8,58.34,3.7,0,-0.5,86.67
9/21/2015,16:45:53,14.2,0.773,7.13,-33.6,58.09,3.73,0,-0.5,86.51
9/21/2015,16:50:53,14.18,0.773,7.13,-33.6,57.83,3.77,0,-0.4,86.08
9/21/2015,16:55:54,14.16,0.773,7.13,-33.7,58.18,3.72,0,-0.4,85.54
9/21/2015,17:00:53,14.15,0.773,7.13,-33.4,57.77,3.79,0,-0.5,85.1
9/21/2015,17:05:53,14.13,0.773,7.13,-33.4,58.58,3.82,0,-0.2,84.79
9/21/2015,17:10:53,14.13,0.773,7.13,-33.4,58.41,3.78,0,-0.5,84.72
9/21/2015,17:15:54,14.12,0.773,7.13,-33.4,58.46,3.77,0,-0.4,84.73
9/21/2015,17:20:54,14.12,0.773,7.13,-33.4,58.4,3.74,0,-0.2,84.73
9/21/2015,17:25:53,14.11,0.772,7.12,-33.3,58.14,3.76,0,-0.5,84.61
9/21/2015,17:30:53,14.11,0.773,7.13,-33.4,58.56,3.78,0,-0.4,84.4
9/21/2015,17:35:53,14.1,0.773,7.12,-33.3,58.04,3.78,0,-0.4,84.08
9/21/2015,17:40:53,14.09,0.773,7.13,-33.4,58.47,3.79,0,-0.5,83.87
9/21/2015,17:45:53,14.08,0.773,7.12,-33.3,58.48,3.78,0,-0.5,83.69
9/21/2015,17:50:53,14.07,0.773,7.12,-33.2,58.16,3.77,0,0,83.57
9/21/2015,17:55:53,14.07,0.773,7.12,-33.2,57.49,3.77,0,-0.5,83.48
9/21/2015,18:00:53,14.06,0.773,7.13,-33.4,58.54,3.75,0,-0.4,83.35
9/21/2015,18:05:53,14.05,0.774,7.12,-33.3,57.98,3.78,0,-0.5,83.25
9/21/2015,18:10:53,14.04,0.774,7.12,-33.3,57.79,3.83,0,-0.5,83.16
9/21/2015,18:15:54,14.03,0.753,7.12,-33.3,57.48,3.78,0,-0.4,83
9/21/2015,18:20:53,14.02,0.775,7.12,-33.3,58.15,3.81,0,-0.5,82.98
9/21/2015,18:25:53,14.01,0.775,7.12,-33.2,58.62,3.78,0,-0.4,82.84
9/21/2015,18:30:53,14.01,0.774,7.12,-33.2,58.64,3.79,0,-0.5,82.73
9/21/2015,18:35:53,14,0.775,7.12,-33.1,58.95,3.77,0,-0.4,82.63
9/21/2015,18:40:53,13.99,0.775,7.12,-33.1,58.91,3.77,0,-0.5,82.51
9/21/2015,18:45:53,13.99,0.775,7.12,-33.1,58.38,3.74,0,-0.5,82.36
9/21/2015,18:50:53,13.98,0.775,7.12,-33.1,58.8,3.76,0,-0.5,82.27
9/21/2015,18:55:53,13.98,0.775,7.12,-33.1,59.06,3.75,0,-0.5,82.16
9/21/2015,19:00:53,13.97,0.775,7.12,-33.1,58.89,3.76,0,-0.5,82.06
9/21/2015,19:05:53,13.97,0.775,7.12,-33.2,59.18,3.78,0,-0.5,81.96
9/21/2015,19:10:53,13.97,0.774,7.12,-33,58.67,3.74,0,-0.4,81.82
9/21/2015,19:15:52,13.96,0.774,7.12,-33,58.57,3.76,0,-0.4,81.75
9/21/2015,19:20:53,13.96,0.774,7.12,-33,58.25,3.75,0,-0.4,81.68
9/21/2015,19:25:53,13.96,0.775,7.12,-33.1,58.72,3.71,0,0,81.67
9/21/2015,19:30:53,13.95,0.775,7.12,-33.1,59.04,3.8,0,-0.2,81.63
9/21/2015,19:35:53,13.95,0.776,7.12,-33,58.57,3.76,0,-0.2,81.6
9/21/2015,19:40:53,13.94,0.775,7.12,-33.1,59.19,3.79,0,-0.2,81.59
9/21/2015,19:45:53,13.94,0.775,7.12,-33,58.78,3.75,0,-0.2,81.49
9/21/2015,19:50:53,13.94,0.775,7.12,-33.2,59.33,3.72,0,-0.2,81.48
9/21/2015,19:55:53,13.94,0.775,7.12,-33.2,59.37,3.73,0,-0.2,81.5
9/21/2015,20:00:53,13.94,0.775,7.12,-33.2,59.27,3.77,0,-0.2,81.5
9/21/2015,20:05:53,13.93,0.775,7.12,-33.1,58.88,3.74,0,-0.2,81.46
9/21/2015,20:10:53,13.93,0.775,7.12,-33.1,58.82,3.74,0,-0.2,81.5
9/21/2015,20:15:53,13.93,0.775,7.12,-33.2,59.23,3.78,0,-0.4,81.47
9/21/2015,20:20:53,13.93,0.775,7.12,-33.2,59.26,3.77,0,-0.4,81.46
9/21/2015,20:25:53,13.92,0.776,7.12,-33.2,59.46,3.77,0,-0.4,81.41
9/21/2015,20:30:53,13.92,0.776,7.12,-33.3,59.56,3.74,0,-0.4,81.45
9/21/2015,20:35:53,13.92,0.776,7.12,-33.3,59.65,3.69,0,-0.4,81.46
9/21/2015,20:40:53,13.92,0.781,7.12,-33.3,59.64,3.72,0,-0.3,81.42
9/21/2015,20:45:53,13.91,0.78,7.12,-33.3,59.74,3.79,0,-0.4,81.42
9/21/2015,20:50:53,13.91,0.777,7.12,-33.1,59.38,3.73,0,-0.4,81.45
9/21/2015,20:55:53,13.91,0.776,7.12,-33.1,59.54,3.74,0,-0.4,81.43
9/21/2015,21:00:53,13.91,0.777,7.12,-33.3,59.82,3.7,0,-0.4,81.43
9/21/2015,21:05:53,13.91,0.777,7.12,-33.3,59.94,3.76,0,0,81.39
9/21/2015,21:10:53,13.9,0.777,7.12,-33.3,59.71,3.82,0,-0.3,81.42
9/21/2015,21:15:53,13.9,0.777,7.12,-33.2,59.38,3.77,0,-0.4,81.37
9/21/2015,21:20:53,13.9,0.777,7.12,-33.3,59.82,3.74,0,-0.4,81.4
9/21/2015,21:25:53,13.9,0.777,7.12,-33.3,59.9,3.82,0,-0.5,81.42
9/21/2015,21:30:53,13.9,0.777,7.12,-33.3,59.77,3.72,0,-0.5,81.43
9/21/2015,21:35:53,13.9,0.777,7.12,-33.3,59.79,3.8,0,-0.4,81.49
9/21/2015,21:40:53,13.89,0.777,7.12,-33.2,59.56,3.76,0,-0.5,81.37
9/21/2015,21:45:53,13.89,0.777,7.12,-33.2,59.43,3.75,0,-0.5,81.43
9/21/2015,21:50:53,13.89,0.777,7.12,-33.2,59.74,3.76,0,-0.3,81.42
9/21/2015,21:55:53,13.89,0.778,7.12,-33.3,59.8,3.77,0,-0.4,81.46
9/21/2015,22:00:53,13.89,0.777,7.12,-33.2,59.56,3.79,0,-0.4,81.44
9/21/2015,22:05:53,13.89,0.777,7.12,-33.3,59.59,3.83,0,-0.4,81.37
9/21/2015,22:10:53,13.88,0.777,7.13,-33.4,60.26,3.82,0,-0.4,81.37
9/21/2015,22:15:53,13.88,0.777,7.12,-33.3,59.66,3.78,0,-0.2,81.39
9/21/2015,22:20:53,13.88,0.777,7.13,-33.4,60.2,3.71,0,-0.4,81.36
9/21/2015,22:25:53,13.88,0.778,7.12,-33.3,59.64,3.76,0,-0.4,81.41
9/21/2015,22:30:54,13.88,0.778,7.12,-33.3,59.66,3.72,0,-0.5,81.47
9/21/2015,22:35:53,13.87,0.778,7.13,-33.4,60.1,3.87,0,-0.5,81.52
9/21/2015,22:40:53,13.87,0.777,7.13,-33.4,60.19,3.73,0,-0.4,81.44
9/21/2015,22:45:53,13.87,0.777,7.12,-33.3,59.88,3.78,0,-0.4,81.45
9/21/2015,22:50:53,13.87,0.777,7.13,-33.4,60.38,3.78,0,-0.4,81.4
9/21/2015,22:55:53,13.87,0.777,7.13,-33.4,60.51,3.82,0,-0.2,81.37
9/21/2015,23:00:53,13.87,0.777,7.13,-33.4,60.3,3.8,0,-0.3,81.42
9/21/2015,23:05:53,13.86,0.777,7.13,-33.5,60.29,3.78,0,-0.4,81.42
9/21/2015,23:10:53,13.86,0.777,7.13,-33.5,60.3,3.78,0,-0.5,81.4
9/21/2015,23:15:53,13.86,0.778,7.13,-33.5,60.24,3.8,0,-0.5,81.45
9/21/2015,23:20:54,13.86,0.777,7.13,-33.4,60.21,3.81,0,-0.3,81.4
9/21/2015,23:25:53,13.86,0.777,7.13,-33.5,60.64,3.8,0,0.1,81.37
9/21/2015,23:30:54,13.85,0.778,7.13,-33.4,60.64,3.86,0,-0.2,81.36
9/21/2015,23:35:53,13.85,0.778,7.13,-33.4,60.72,3.81,0,-0.3,81.32
9/21/2015,23:40:53,13.85,0.778,7.13,-33.4,60.84,3.82,0,-0.5,81.37
9/21/2015,23:45:53,13.85,0.779,7.13,-33.4,60.46,3.9,0,-0.5,81.39
9/21/2015,23:50:53,13.85,0.779,7.13,-33.4,60.26,3.88,0,-0.3,81.39
9/21/2015,23:55:53,13.85,0.779,7.13,-33.4,60.36,3.87,0,-0.5,81.44
9/22/2015,0:00:53,13.84,0.779,7.13,-33.4,60.62,3.87,0,-0.4,81.35
9/22/2015,0:05:53,13.84,0.779,7.13,-33.6,60.84,3.83,0,-0.3,81.42
9/22/2015,0:10:53,13.84,0.779,7.13,-33.6,60.83,3.82,0,-0.3,81.44
9/22/2015,0:15:54,13.84,0.779,7.13,-33.5,60.68,3.81,0,-0.4,81.38
9/22/2015,0:20:53,13.84,0.781,7.13,-33.6,61.02,3.82,0,-0.5,81.37
9/22/2015,0:25:53,13.84,0.785,7.13,-33.6,60.84,3.91,0,-0.4,81.46
9/22/2015,0:30:53,13.84,0.784,7.13,-33.6,60.96,3.89,0,-0.3,81.42
9/22/2015,0:35:53,13.83,0.781,7.13,-33.6,61.76,3.88,0,-0.3,81.51
9/22/2015,0:40:53,13.83,0.779,7.13,-33.6,62.06,3.84,0,-0.2,81.42
9/22/2015,0:45:53,13.83,0.779,7.13,-33.4,60.62,3.88,0,-0.3,81.45
9/22/2015,0:50:53,13.83,0.78,7.13,-33.6,60.84,3.85,0,-0.4,81.37
9/22/2015,0:55:53,13.83,0.78,7.13,-33.4,60.07,3.8,0,-0.2,81.25
9/22/2015,1:00:53,13.83,0.78,7.13,-33.5,60.04,3.84,0,-0.3,81.21
9/22/2015,1:05:53,13.83,0.78,7.13,-33.4,59.88,3.82,0,-0.4,81.27
9/22/2015,1:10:53,13.82,0.781,7.13,-33.6,60.31,3.8,0,-0.2,81.17
9/22/2015,1:15:53,13.82,0.785,7.13,-33.6,60.34,3.88,0,-0.2,81.19
9/22/2015,1:20:53,13.82,0.783,7.13,-33.6,60.46,3.91,0,-0.4,81.14
9/22/2015,1:25:53,13.82,0.781,7.13,-33.4,59.93,3.93,0,-0.4,81.31
9/22/2015,1:30:54,13.82,0.782,7.13,-33.6,60.39,3.88,0,-0.4,81.27
9/22/2015,1:35:53,13.82,0.782,7.13,-33.5,60.2,3.85,0,-0.2,81.25
9/22/2015,1:40:53,13.82,0.782,7.13,-33.6,60.62,3.86,0,-0.2,81.35
9/22/2015,1:45:53,13.82,0.781,7.13,-33.7,60.6,3.84,0,-0.3,81.16
9/22/2015,1:50:53,13.82,0.781,7.13,-33.7,60.78,3.84,0,-0.3,81.26
9/22/2015,1:55:53,13.82,0.781,7.13,-33.6,60.59,3.81,0,-0.4,81.14
9/22/2015,2:00:53,13.82,0.781,7.13,-33.7,60.66,3.82,0,-0.3,81.16
9/22/2015,2:05:53,13.81,0.782,7.13,-33.7,60.66,3.93,0,-0.2,81.26
9/22/2015,2:10:53,13.82,0.782,7.13,-33.7,60.83,3.89,0,-0.4,81.36
9/22/2015,2:15:53,13.81,0.783,7.13,-33.5,60.23,3.92,0,-0.2,81.21
9/22/2015,2:20:53,13.81,0.783,7.13,-33.7,60.65,3.88,0,-0.4,81.27
9/22/2015,2:25:53,13.81,0.783,7.13,-33.7,60.72,3.92,0,-0.4,81.2
9/22/2015,2:30:53,13.81,0.783,7.13,-33.6,60.2,3.91,0,-0.4,81.18
9/22/2015,2:35:53,13.81,0.783,7.13,-33.6,60.5,3.89,0,0.2,81.27
9/22/2015,2:40:53,13.81,0.783,7.13,-33.8,61.17,3.91,0,0.7,81.25
9/22/2015,2:45:53,13.81,0.782,7.13,-33.6,60.56,3.84,0,2.7,81.25
9/22/2015,2:50:53,13.81,0.783,7.13,-33.7,60.81,3.87,0,3.2,81.29
9/22/2015,2:55:53,13.81,0.783,7.14,-33.9,61.1,3.85,0,0.6,81.42
9/22/2015,3:00:53,13.81,0.783,7.13,-33.9,61.1,3.86,0,0.4,81.42
9/22/2015,3:05:53,13.81,0.783,7.13,-33.9,61.21,3.86,0,0.2,81.48
9/22/2015,3:10:53,13.81,0.783,7.13,-33.6,60.51,3.83,0,-0.1,81.42
9/22/2015,3:15:53,13.8,0.783,7.13,-33.8,61.02,3.87,0,-0.3,81.33
9/22/2015,3:20:53,13.8,0.783,7.13,-33.6,60.47,3.87,0,-0.4,81.39
9/22/2015,3:25:53,13.8,0.783,7.13,-33.6,60.34,3.85,0,3.2,81.41
9/22/2015,3:30:53,13.8,0.783,7.13,-33.8,60.6,3.85,0,-0.3,81.44
9/22/2015,3:35:53,13.8,0.783,7.13,-33.6,60.51,3.87,0,-0.4,81.37
9/22/2015,3:40:53,13.8,0.783,7.13,-33.8,60.8,3.82,0,0.5,81.3
9/22/2015,3:45:53,13.8,0.784,7.13,-33.9,61.27,3.84,0,1.3,81.26
9/22/2015,3:50:53,13.8,0.783,7.13,-33.8,60.89,3.89,0,0.1,81.37
9/22/2015,3:55:53,13.8,0.782,7.13,-33.8,60.72,3.8,0,-0.1,81.44
9/22/2015,4:00:53,13.8,0.782,7.13,-33.8,60.94,3.92,0,-0.3,81.35
9/22/2015,4:05:54,13.79,0.782,7.13,-33.7,60.6,3.87,0,-0.2,81.37
9/22/2015,4:10:53,13.79,0.783,7.13,-33.9,61.16,3.81,0,-0.4,81.44
9/22/2015,4:15:54,13.79,0.783,7.14,-33.9,61.22,3.77,0,-0.4,81.44
9/22/2015,4:20:53,13.79,0.783,7.13,-33.8,60.69,3.8,0,-0.2,81.39
9/22/2015,4:25:53,13.79,0.783,7.13,-33.8,60.92,3.82,0,-0.3,81.41
9/22/2015,4:30:53,13.79,0.783,7.13,-33.9,60.95,3.85,0,-0.2,81.41
9/22/2015,4:35:53,13.79,0.783,7.13,-33.6,60.15,3.86,0,-0.2,81.33
9/22/2015,4:40:53,13.79,0.784,7.13,-33.9,61.08,3.83,0,-0.3,81.37
9/22/2015,4:45:53,13.79,0.784,7.13,-33.6,60.37,3.82,0,-0.2,81.35
9/22/2015,4:50:53,13.79,0.784,7.13,-33.9,61.27,3.83,0,0,81.44
9/22/2015,4:55:54,13.79,0.784,7.13,-33.8,60.95,3.84,0,-0.2,81.35
9/22/2015,5:00:53,13.79,0.784,7.13,-33.7,60.68,3.86,0,-0.2,81.38
9/22/2015,5:05:53,13.79,0.783,7.13,-33.9,61.24,3.87,0,-0.3,81.47
9/22/2015,5:10:53,13.79,0.785,7.13,-33.8,60.92,3.85,0,-0.2,81.44
9/22/2015,5:15:53,13.79,0.784,7.13,-33.8,60.68,3.84,0,-0.4,81.45
9/22/2015,5:20:53,13.78,0.784,7.13,-33.9,61.17,3.81,0,-0.4,81.49
9/22/2015,5:25:53,13.78,0.79,7.13,-33.6,60.58,3.89,0,-0.1,81.44
9/22/2015,5:30:53,13.78,0.784,7.13,-33.8,60.9,3.84,0,-0.4,81.37
9/22/2015,5:35:53,13.78,0.784,7.13,-33.9,61.3,3.84,0,-0.2,81.4
9/22/2015,5:40:53,13.78,0.785,7.13,-33.9,61.23,3.88,0,-0.3,81.44
9/22/2015,5:45:54,13.78,0.786,7.13,-33.7,60.82,3.87,0,-0.3,81.52
9/22/2015,5:50:54,13.78,0.788,7.13,-33.8,61.08,3.84,0,-0.2,81.5
9/22/2015,5:55:53,13.78,0.786,7.14,-34,61.6,3.82,0,-0.2,81.53
9/22/2015,6:00:53,13.78,0.786,7.14,-33.9,61.55,3.87,0,-0.2,81.52
9/22/2015,6:05:53,13.78,0.786,7.13,-33.8,61.33,3.84,0,-0.2,81.52
9/22/2015,6:10:53,13.78,0.786,7.13,-33.9,61.38,3.85,0,-0.3,81.52
9/22/2015,6:15:53,13.78,0.786,7.13,-33.9,61.28,3.9,0,0.3,81.55
9/22/2015,6:20:53,13.78,0.787,7.13,-33.9,61.43,3.86,0,0,81.57
9/22/2015,6:25:53,13.77,0.787,7.14,-33.9,61.42,3.86,0,-0.4,81.54
9/22/2015,6:30:54,13.77,0.786,7.13,-33.9,61.45,3.84,0,0,81.35
9/22/2015,6:35:53,13.77,0.787,7.13,-33.9,61.54,3.87,0,0.5,81.52
9/22/2015,6:40:53,13.77,0.784,7.13,-33.8,60.92,3.83,0,-0.5,81.57
9/22/2015,6:45:53,13.77,0.787,7.13,-33.9,61.1,3.84,0,-0.5,81.65
9/22/2015,6:50:54,13.77,0.787,7.13,-33.9,61.06,3.84,0,0,81.68
9/22/2015,6:55:53,13.78,0.787,7.14,-34,61.68,3.82,0,-0.5,81.64
9/22/2015,7:00:53,13.78,0.788,7.14,-34.1,61.9,3.82,0,-0.4,81.84
9/22/2015,7:05:53,13.78,0.787,7.13,-33.8,61.1,3.87,0,-0.5,81.84
9/22/2015,7:10:53,13.78,0.787,7.14,-34.1,62.55,3.85,0,-0.5,82.04
9/22/2015,7:15:53,13.78,0.787,7.13,-33.9,61.52,3.83,0,-0.4,82.09
9/22/2015,7:20:53,13.78,0.787,7.14,-33.9,61.64,3.77,0,-0.5,82.36
9/22/2015,7:25:53,13.78,0.787,7.14,-34,62.09,3.8,0,-0.5,82.37
9/22/2015,7:30:53,13.78,0.787,7.14,-34.1,62.22,3.82,0,-0.1,82.49
9/22/2015,7:35:53,13.78,0.785,7.14,-34.1,61.8,3.75,0,-0.3,82.5
9/22/2015,7:40:53,13.79,0.786,7.14,-34.1,62.21,3.76,0,-0.2,82.62
9/22/2015,7:45:53,13.79,0.786,7.14,-34.1,61.9,3.77,0,-0.5,82.75
9/22/2015,7:50:53,13.79,0.786,7.14,-34,61.97,3.84,0,-0.5,82.77
9/22/2015,7:55:53,13.8,0.786,7.14,-34.1,62.18,3.81,0,-0.5,82.88
9/22/2015,8:00:53,13.81,0.786,7.14,-34.1,62.21,3.88,0,-0.4,83.03
9/22/2015,8:05:53,13.82,0.787,7.14,-34.2,62.51,3.78,0,-0.4,83.25
9/22/2015,8:10:53,13.83,0.786,7.14,-34.1,62.32,3.86,0,-0.4,83.23
9/22/2015,8:15:53,13.83,0.788,7.14,-34.1,61.87,3.87,0,-0.7,83.01
9/22/2015,8:20:53,13.84,0.789,7.13,-33.8,61.54,3.82,0,-0.5,83.37
9/22/2015,8:25:53,13.85,0.787,7.13,-33.9,61.71,3.79,0,-0.5,83.36
9/22/2015,8:30:53,13.85,0.788,7.14,-34.1,62.45,3.79,0,-0.1,83.47
9/22/2015,8:35:53,13.86,0.788,7.14,-34,62.16,3.81,0,-0.5,83.42
9/22/2015,8:40:53,13.87,0.787,7.14,-33.9,62.19,3.81,0,-0.5,83.45
9/22/2015,8:45:53,13.88,0.787,7.13,-33.8,61.95,3.83,0,-0.5,83.73
9/22/2015,8:50:53,13.9,0.788,7.13,-33.9,62.28,3.77,0,-0.5,84.06
9/22/2015,8:55:53,13.9,0.796,7.13,-33.9,62.54,3.81,0,-0.4,84.24
9/22/2015,9:00:53,13.91,0.79,7.13,-33.6,61.92,3.77,0,-0.6,84.2
9/22/2015,9:05:53,13.91,0.787,7.13,-33.8,62.06,3.73,0,-0.5,84.4
9/22/2015,9:10:53,13.92,0.789,7.13,-33.6,61.93,3.73,0,-0.6,84.29
9/22/2015,9:15:53,13.93,0.788,7.13,-33.8,62.36,3.75,0,-0.6,84.61
9/22/2015,9:20:53,13.94,0.793,7.13,-33.8,62.25,3.74,0,-0.7,84.82
9/22/2015,9:25:53,13.96,0.788,7.14,-34,61.87,3.77,0,-0.6,85.29
9/22/2015,9:30:53,13.98,0.788,7.13,-33.8,61.17,3.74,0,-0.6,85.8
9/22/2015,9:35:53,14.01,0.788,7.14,-33.9,61.41,3.73,0,-0.6,86.43
9/22/2015,9:40:53,14.03,0.787,7.14,-34.1,61.81,3.69,0,0.1,86.75
9/22/2015,9:45:53,14.02,0.787,7.14,-34.1,61.6,3.66,0,-0.3,86.59
9/22/2015,9:50:53,14.02,0.787,7.14,-34,61.18,3.69,0,-0.5,86.4
9/22/2015,9:55:53,14.03,0.788,7.14,-34.1,62.31,3.7,0,-0.4,86.46
9/22/2015,10:00:53,14.03,0.788,7.14,-34.1,62.76,3.65,0,-0.1,86.7
9/22/2015,10:05:53,14.03,0.789,7.14,-34.2,62.89,3.69,0,-0.5,86.53
9/22/2015,10:10:54,14.02,0.789,7.14,-34.1,62.27,3.68,0,-0.1,86.45
9/22/2015,10:15:54,14.03,0.788,7.14,-34.1,62.06,3.68,0,-0.6,86.45
9/22/2015,10:20:53,14.03,0.788,7.14,-34.2,62.49,3.7,0,-0.4,86.48
9/22/2015,10:25:53,14.04,0.788,7.14,-34.4,63.46,3.71,0,-0.5,86.6
9/22/2015,10:30:53,14.05,0.788,7.14,-34.1,62.47,3.73,0,-0.6,86.93
9/22/2015,10:35:53,14.07,0.788,7.14,-34.4,62.75,3.74,0,-0.5,87.37
9/22/2015,10:40:53,14.09,0.789,7.14,-34.3,62.7,3.68,0,-0.3,87.76
9/22/2015,10:45:52,14.11,0.788,7.14,-34.3,62.84,3.68,0,-0.5,88.05
9/22/2015,10:50:53,14.14,0.789,7.14,-34.4,63.14,3.67,0,-0.4,88.32
9/22/2015,10:55:53,14.19,0.788,7.14,-34.4,62.63,3.64,0,-0.6,89.12
9/22/2015,11:00:52,14.23,0.789,7.14,-34.4,62.27,3.67,0,-0.6,90.22
9/22/2015,11:05:53,14.27,0.789,7.15,-34.5,62.48,3.62,0,-0.7,90.99
9/22/2015,11:10:53,14.3,0.789,7.15,-34.5,62.53,3.62,0,-0.5,91.86
9/22/2015,11:15:53,14.36,0.79,7.15,-34.9,62.75,3.58,0,-0.5,93.4
9/22/2015,11:20:53,14.41,0.791,7.16,-35.1,62.51,3.56,0,-0.5,94.99
9/22/2015,11:25:53,14.36,0.789,7.16,-35.3,63.05,3.58,0,-0.4,95.42
9/22/2015,11:30:53,14.31,0.79,7.16,-35,63.2,3.57,0,-0.6,94.63
9/22/2015,11:35:53,14.3,0.79,7.15,-34.9,63.21,3.62,0,-0.6,94.12
9/22/2015,11:40:53,14.32,0.79,7.15,-34.9,62.34,3.62,0,-0.5,94.1
9/22/2015,11:45:53,14.33,0.79,7.15,-35,63.67,3.61,0,-0.4,93.8
9/22/2015,11:50:53,14.37,0.789,7.15,-34.9,62.93,3.64,0,-0.5,93.61
9/22/2015,11:55:53,14.43,0.79,7.15,-34.9,63.17,3.56,0,-0.6,94.44
9/22/2015,12:00:53,14.49,0.79,7.16,-35.1,63.81,3.54,0,-0.3,94.96
9/22/2015,12:05:53,14.5,0.79,7.16,-35.1,62.68,3.52,0,-0.6,95.02
9/22/2015,12:10:53,14.52,0.79,7.16,-35.2,63.19,3.55,0,-0.6,95.1
9/22/2015,12:15:53,14.58,0.79,7.16,-35,62.7,3.53,0,-0.5,95.79
9/22/2015,12:20:53,14.64,0.79,7.16,-35.2,63.5,3.48,0,-0.5,96.41
9/22/2015,12:25:53,14.67,0.79,7.16,-35.2,63.7,3.51,0,-0.7,96.97
9/22/2015,12:30:53,14.64,0.79,7.16,-35.3,64.1,3.55,0,-0.6,96.76
9/22/2015,12:35:53,14.62,0.791,7.16,-35.2,62.89,3.51,0,-0.5,96.53
9/22/2015,12:40:53,14.62,0.79,7.16,-35.2,62.58,3.54,0,-0.5,96.36
9/22/2015,12:45:53,14.58,0.791,7.16,-35.1,62.17,3.49,0,-0.5,96.09
9/22/2015,12:50:53,14.57,0.791,7.16,-35.2,61.86,3.53,0,-0.3,95.58
9/22/2015,12:55:53,14.61,0.791,7.16,-35.3,62.73,3.49,0,-0.7,96.06
9/22/2015,13:00:53,14.59,0.791,7.16,-35.2,62.48,3.57,0,-0.5,95.97
9/22/2015,13:05:53,14.54,0.791,7.16,-35.2,62.17,3.56,0,-0.4,95.37
9/22/2015,13:10:53,14.52,0.791,7.16,-35.1,62,3.59,0,-0.5,95.33
9/22/2015,13:15:53,14.49,0.791,7.15,-34.9,61.56,3.58,0,-0.5,94.8
9/22/2015,13:20:53,14.49,0.79,7.15,-34.8,61.38,3.59,0,-0.5,94.5
9/22/2015,13:25:53,14.52,0.791,7.15,-34.9,61.93,3.62,0,-0.3,94.55
9/22/2015,13:30:53,14.55,0.79,7.15,-35,61.95,3.59,0,-0.4,94.63
9/22/2015,13:35:53,14.56,0.79,7.15,-35,62,3.6,0,0,94.83
9/22/2015,13:40:53,14.52,0.791,7.15,-34.9,62.37,3.56,0,0.5,94.57
9/22/2015,13:45:53,14.49,0.791,7.15,-35,62.74,3.62,0,-0.4,94.37
9/22/2015,13:50:53,14.46,0.79,7.15,-34.8,62.51,3.57,0,-0.4,94.4
9/22/2015,13:55:53,14.41,0.789,7.15,-34.7,62.76,3.61,0,-0.6,93.7
9/22/2015,14:00:53,14.37,0.789,7.15,-34.8,63.68,3.6,0,-0.4,92.87
9/22/2015,14:05:53,14.38,0.79,7.15,-34.6,63.24,3.6,0,-0.6,92.64
9/22/2015,14:10:53,14.41,0.79,7.15,-34.8,63.53,3.6,0,-0.5,92.8
9/22/2015,14:15:53,14.41,0.79,7.15,-34.8,63.11,3.62,0,-0.4,92.59
9/22/2015,14:20:53,14.4,0.79,7.15,-34.7,63.55,3.58,0,0.5,92.17
9/22/2015,14:25:53,14.4,0.79,7.15,-34.7,63.75,3.6,0,-0.5,92.28
9/22/2015,14:30:53,14.39,0.79,7.15,-34.7,64.23,3.56,0,0.1,92.49
9/22/2015,14:35:53,14.41,0.79,7.15,-34.9,65.12,3.59,0,-0.4,92.77
9/22/2015,14:40:53,14.38,0.79,7.15,-34.5,64.24,3.59,0,-0.5,92.39
9/22/2015,14:45:53,14.36,0.791,7.15,-34.5,64.11,3.59,0,-0.3,91.52
9/22/2015,14:50:53,14.33,0.791,7.15,-34.5,64.14,3.63,0,-0.5,90.91
9/22/2015,14:55:53,14.31,0.791,7.14,-34.4,63.38,3.59,0,-0.4,90.5
9/22/2015,15:00:53,14.32,0.79,7.15,-34.6,63.75,3.62,0,-0.2,91.03
9/22/2015,15:05:53,14.32,0.79,7.15,-34.5,62.9,3.63,0,-0.5,90.96
9/22/2015,15:10:53,14.33,0.791,7.14,-34.4,63.11,3.66,0,-0.5,90.92
9/22/2015,15:15:53,14.33,0.791,7.14,-34.5,62.83,3.57,0,-0.5,90.67
9/22/2015,15:20:53,14.32,0.791,7.14,-34.3,61.71,3.59,0,-0.5,90.52
9/22/2015,15:25:53,14.31,0.792,7.15,-34.5,62.94,3.57,0,-0.4,90.22
9/22/2015,15:30:53,14.29,0.792,7.14,-34.4,63.16,3.57,0,-0.5,89.76
9/22/2015,15:35:53,14.27,0.792,7.14,-34.2,63.18,3.61,0,-0.3,89.51
9/22/2015,15:40:53,14.26,0.791,7.14,-34.1,64.23,3.54,0,19.5,89.35
9/22/2015,15:45:53,14.23,0.792,7.14,-34.1,63.57,3.57,0,-0.3,88.69
9/22/2015,15:50:53,14.22,0.792,7.14,-34.1,62.25,3.61,0,-0.4,88.29
9/22/2015,15:55:53,14.21,0.792,7.14,-34.1,62.39,3.56,0,-0.5,87.96
9/22/2015,16:00:53,14.19,0.792,7.13,-33.8,62.58,3.64,0,0,87.6
9/22/2015,16:05:53,14.18,0.792,7.13,-33.8,62.58,3.63,0,0.3,87.25
9/22/2015,16:10:53,14.17,0.792,7.13,-33.9,62.19,3.59,0,-0.3,87.04
9/22/2015,16:15:53,14.15,0.792,7.13,-33.8,62.23,3.59,0,1.4,86.72
9/22/2015,16:20:53,14.14,0.793,7.13,-33.9,62.03,3.57,0,-0.3,86.65
9/22/2015,16:25:53,14.13,0.793,7.14,-34,63.48,3.54,0,-0.5,86.31
9/22/2015,16:30:53,14.12,0.793,7.13,-33.8,62.94,3.61,0,-0.4,86.38
9/22/2015,16:35:53,14.12,0.795,7.13,-33.9,63.1,3.54,0,0,86.59
9/22/2015,16:40:53,14.13,0.793,7.14,-33.9,63.12,3.51,0,-0.5,86.88
9/22/2015,16:45:53,14.13,0.793,7.14,-33.9,63.02,3.56,0,-0.5,86.95
9/22/2015,16:50:53,14.12,0.797,7.13,-33.8,62.51,3.56,0,-0.4,86.59
9/22/2015,16:55:53,14.1,0.793,7.13,-33.7,62.74,3.56,0,-0.4,86
9/22/2015,17:00:53,14.08,0.793,7.13,-33.6,62.51,3.64,0,0.7,85.46
9/22/2015,17:05:53,14.07,0.793,7.13,-33.4,62.42,3.64,0,0,85.18
9/22/2015,17:10:53,14.06,0.795,7.13,-33.6,62.55,3.66,0,-0.5,84.99
9/22/2015,17:15:53,14.07,0.796,7.13,-33.8,62.82,3.6,0,-0.5,84.92
9/22/2015,17:20:53,14.06,0.794,7.13,-33.6,62.43,3.59,0,-0.5,84.97
9/22/2015,17:25:53,14.04,0.794,7.13,-33.6,63.29,3.6,0,-0.2,84.6
9/22/2015,17:30:53,14.02,0.793,7.13,-33.7,62.64,3.58,0,-0.4,84.06
9/22/2015,17:35:53,14.02,0.794,7.13,-33.6,61.95,3.57,0,-0.4,83.72
9/22/2015,17:40:53,14.01,0.794,7.13,-33.5,62.72,3.6,0,-0.4,83.73
9/22/2015,17:45:53,14,0.794,7.13,-33.6,62.92,3.61,0,-0.6,83.49
9/22/2015,17:50:53,14,0.794,7.13,-33.5,62.99,3.61,0,-0.5,83.62
9/22/2015,17:55:53,13.98,0.793,7.13,-33.6,63.18,3.57,0,-0.5,83.52
9/22/2015,18:00:53,13.98,0.792,7.13,-33.6,63.19,3.58,0,-0.5,83.56
9/22/2015,18:05:53,13.97,0.798,7.13,-33.4,62.74,3.59,0,-0.5,83.49
9/22/2015,18:10:53,13.96,0.794,7.12,-33.3,62.85,3.66,0,-0.5,83.23
9/22/2015,18:15:53,13.95,0.797,7.12,-33.3,62.96,3.65,0,-0.6,83.17
9/22/2015,18:20:53,13.94,0.795,7.12,-33.2,62.5,3.64,0,-0.6,83.04
9/22/2015,18:25:53,13.93,0.794,7.13,-33.5,63.42,3.65,0,-0.5,82.77
9/22/2015,18:30:53,13.93,0.793,7.13,-33.4,63.11,3.66,0,-0.5,82.56
9/22/2015,18:35:53,13.93,0.793,7.13,-33.4,63.82,3.68,0,-0.6,82.38
9/22/2015,18:40:53,13.92,0.794,7.12,-33.1,63.07,3.63,0,-0.5,82.15
9/22/2015,18:45:53,13.91,0.793,7.12,-33.1,63.25,3.67,0,-0.3,82.18
9/22/2015,18:50:53,13.91,0.793,7.12,-33.3,63.45,3.71,0,0.2,81.99
9/22/2015,18:55:53,13.9,0.793,7.12,-33,62.73,3.68,0,-0.3,81.62
9/22/2015,19:00:53,13.9,0.794,7.12,-33.3,63.54,3.74,0,-0.5,81.67
9/22/2015,19:05:53,13.89,0.794,7.12,-33,63.04,3.7,0,-0.5,81.47
9/22/2015,19:10:53,13.89,0.795,7.12,-33,62.67,3.74,0,-0.6,81.42
9/22/2015,19:15:53,13.89,0.795,7.12,-33,62.68,3.67,0,-0.4,81.45
9/22/2015,19:20:53,13.89,0.795,7.12,-33,62.75,3.69,0,-0.2,81.31
9/22/2015,19:25:53,13.88,0.795,7.12,-32.9,62.66,3.66,0,-0.4,81.37
9/22/2015,19:30:53,13.88,0.795,7.12,-33,62.74,3.66,0,-0.4,81.37
9/22/2015,19:35:53,13.88,0.795,7.12,-33.3,63.46,3.57,0,-0.4,81.32
9/22/2015,19:40:53,13.88,0.795,7.12,-33,62.87,3.62,0,-0.2,81.38
9/22/2015,19:45:53,13.87,0.795,7.12,-33.2,63.33,3.67,0,-0.2,81.35
9/22/2015,19:50:53,13.87,0.795,7.12,-33.1,63.06,3.67,0,-0.2,81.28
9/22/2015,19:55:53,13.87,0.795,7.12,-33,63.12,3.65,0,-0.4,81.16
9/22/2015,20:00:53,13.87,0.795,7.12,-33.1,63.01,3.63,0,-0.5,81.34
9/22/2015,20:05:53,13.86,0.795,7.12,-33,62.81,3.69,0,-0.4,81.26
9/22/2015,20:10:53,13.86,0.795,7.12,-33.1,62.95,3.71,0,-0.2,81.16
9/22/2015,20:15:53,13.86,0.795,7.12,-33,62.89,3.68,0,-0.4,81.14
9/22/2015,20:20:53,13.86,0.795,7.12,-33.1,63.45,3.59,0,-0.5,81.26
9/22/2015,20:25:53,13.85,0.795,7.12,-33.2,63.63,3.65,0,-0.5,80.9
9/22/2015,20:30:53,13.86,0.795,7.13,-33.4,64.03,3.6,0,-0.4,81.31
9/22/2015,20:35:53,13.85,0.795,7.12,-33.1,63.38,3.64,0,-0.3,81.37
9/22/2015,20:40:53,13.85,0.795,7.12,-33.2,63.89,3.6,0,-0.4,81.3
9/22/2015,20:45:53,13.86,0.795,7.12,-33.3,63.92,3.63,0,0,81.35
9/22/2015,20:50:53,13.85,0.795,7.12,-33.3,63.9,3.67,0,-0.4,81.29
9/22/2015,20:55:53,13.85,0.795,7.12,-33.2,63.59,3.65,0,-0.4,81.09
9/22/2015,21:00:53,13.85,0.796,7.12,-33.1,63.73,3.69,0,-0.3,81.27
9/22/2015,21:05:53,13.85,0.796,7.13,-33.4,64.38,3.63,0,-0.5,81.16
9/22/2015,21:10:53,13.84,0.796,7.12,-33.3,63.97,3.7,0,-0.4,81.15
9/22/2015,21:15:53,13.84,0.796,7.12,-33.3,64.02,3.66,0,-0.5,81.22
9/22/2015,21:20:53,13.84,0.796,7.12,-33.3,64.12,3.7,0,-0.4,81.37
9/22/2015,21:25:53,13.84,0.796,7.12,-33.3,64.33,3.65,0,-0.4,81.24
9/22/2015,21:30:53,13.84,0.796,7.12,-33.3,63.93,3.67,0,-0.5,81.23
9/22/2015,21:35:53,13.84,0.796,7.13,-33.4,64.44,3.71,0,-0.5,81.18
9/22/2015,21:40:53,13.84,0.796,7.12,-33.3,63.97,3.72,0,-0.1,81.14
9/22/2015,21:45:53,13.83,0.799,7.12,-33.2,63.79,3.63,0,-0.5,81.11
9/22/2015,21:50:53,13.83,0.796,7.12,-33.3,63.87,3.65,0,-0.5,81.22
9/22/2015,21:55:53,13.83,0.799,7.12,-33.3,63.89,3.63,0,-0.1,81.22
9/22/2015,22:00:53,13.83,0.796,7.13,-33.4,64.48,3.67,0,-0.4,81.31
9/22/2015,22:05:53,13.83,0.8,7.12,-33.3,64.22,3.69,0,-0.5,81.31
9/22/2015,22:10:53,13.83,0.797,7.12,-33.3,63.92,3.71,0,-0.4,81.16
9/22/2015,22:15:53,13.83,0.798,7.12,-33.2,63.93,3.7,0,-0.3,81.06
9/22/2015,22:20:53,13.83,0.796,7.12,-33.3,64.01,3.69,0,-0.4,81.26
9/22/2015,22:25:53,13.83,0.796,7.13,-33.4,64.4,3.67,0,-0.5,81.09
9/22/2015,22:30:53,13.83,0.796,7.12,-33.3,63.79,3.69,0,-0.1,81.16
9/22/2015,22:35:53,13.82,0.796,7.13,-33.6,64.57,3.68,0,-0.5,81.16
9/22/2015,22:40:53,13.83,0.796,7.13,-33.5,64.29,3.65,0,-0.4,81.21
9/22/2015,22:45:53,13.82,0.797,7.12,-33.3,63.98,3.68,0,-0.4,81.21
9/22/2015,22:50:53,13.82,0.797,7.12,-33.2,63.75,3.71,0,-0.5,81.15
9/22/2015,22:55:53,13.82,0.797,7.12,-33.3,63.89,3.65,0,-0.5,81.22
9/22/2015,23:00:53,13.82,0.798,7.12,-33.3,63.93,3.65,0,-0.5,81.25
9/22/2015,23:05:53,13.82,0.798,7.12,-33.3,63.93,3.75,0,-0.4,81.21
9/22/2015,23:10:53,13.82,0.797,7.13,-33.4,64.57,3.65,0,-0.5,81.16
9/22/2015,23:15:53,13.82,0.798,7.12,-33.3,64.25,3.67,0,-0.4,81.19
9/22/2015,23:20:53,13.82,0.801,7.12,-33.3,64.22,3.67,0,0,81.09
9/22/2015,23:25:53,13.82,0.798,7.12,-33.3,64.14,3.65,0,-0.4,81.12
9/22/2015,23:30:54,13.82,0.798,7.12,-33.3,64.25,3.62,0,-0.5,81.16
9/22/2015,23:35:53,13.82,0.798,7.13,-33.4,64.38,3.71,0,-0.5,81.11
9/22/2015,23:40:53,13.82,0.798,7.13,-33.4,64.55,3.75,0,-0.5,81.2
9/22/2015,23:45:53,13.82,0.798,7.13,-33.4,64.46,3.66,0,-0.6,81.21
9/22/2015,23:50:53,13.81,0.798,7.13,-33.5,64.8,3.73,0,-0.5,81.18
9/22/2015,23:55:53,13.81,0.799,7.12,-33.3,64.27,3.67,0,-0.5,81.24
9/23/2015,0:00:53,13.81,0.798,7.13,-33.4,64.4,3.74,0,-0.5,81.19
9/23/2015,0:05:53,13.81,0.803,7.13,-33.4,64.62,3.78,0,-0.5,81.21
9/23/2015,0:10:53,13.81,0.8,7.13,-33.4,64.73,3.72,0,-0.4,81.25
9/23/2015,0:15:53,13.81,0.799,7.13,-33.4,64.61,3.73,0,-0.4,81.29
9/23/2015,0:20:53,13.81,0.798,7.13,-33.4,64.51,3.71,0,-0.5,81.11
9/23/2015,0:25:53,13.81,0.798,7.13,-33.4,64.43,3.75,0,-0.6,81.12
9/23/2015,0:30:53,13.81,0.798,7.13,-33.6,65.19,3.65,0,-0.3,81.25
9/23/2015,0:35:53,13.8,0.799,7.13,-33.4,64.65,3.68,0,-0.6,81.32
9/23/2015,0:40:53,13.8,0.803,7.13,-33.4,64.7,3.64,0,-0.5,81.32
9/23/2015,0:45:53,13.8,0.8,7.13,-33.6,65.29,3.65,0,0.3,81.35
9/23/2015,0:50:53,13.8,0.798,7.13,-33.4,64.82,3.71,0,-0.5,81.26
9/23/2015,0:55:53,13.8,0.798,7.13,-33.6,65.22,3.66,0,-0.4,81.34
9/23/2015,1:00:53,13.8,0.799,7.13,-33.4,64.83,3.68,0,-0.3,81.29
9/23/2015,1:05:53,13.8,0.799,7.13,-33.6,65.33,3.7,0,-0.4,81.25
9/23/2015,1:10:53,13.8,0.799,7.13,-33.5,64.99,3.7,0,-0.4,81.18
9/23/2015,1:15:53,13.8,0.798,7.13,-33.6,65.24,3.68,0,-0.6,81.16
9/23/2015,1:20:53,13.8,0.799,7.13,-33.4,64.83,3.67,0,-0.5,81.23
9/23/2015,1:25:53,13.8,0.799,7.13,-33.4,64.88,3.61,0,-0.5,81.29
9/23/2015,1:30:53,13.79,0.799,7.13,-33.7,65.58,3.63,0,-0.5,81.18
9/23/2015,1:35:53,13.79,0.799,7.13,-33.6,65,3.68,0,-0.5,81.21
9/23/2015,1:40:53,13.79,0.799,7.13,-33.5,64.82,3.6,0,-0.4,81.22
9/23/2015,1:45:53,13.79,0.8,7.13,-33.7,65.29,3.61,0,-0.4,81.26
9/23/2015,1:50:53,13.79,0.799,7.13,-33.6,65.14,3.65,0,-0.5,81.24
9/23/2015,1:55:53,13.79,0.801,7.13,-33.6,65.21,3.63,0,0.9,81.16
9/23/2015,2:00:53,13.79,0.799,7.13,-33.7,65.49,3.64,0,1.3,81.16
9/23/2015,2:05:53,13.78,0.799,7.13,-33.6,65.58,3.62,0,-0.1,81.19
9/23/2015,2:10:53,13.78,0.799,7.13,-33.7,65.51,3.65,0,-0.3,81.17
9/23/2015,2:15:53,13.78,0.799,7.13,-33.7,65.63,3.63,0,-0.4,81.18
9/23/2015,2:20:53,13.78,0.8,7.13,-33.7,65.63,3.62,0,-0.4,81.05
9/23/2015,2:25:53,13.78,0.8,7.13,-33.9,66.3,3.65,0,-0.3,81.11
9/23/2015,2:30:53,13.78,0.8,7.13,-33.8,65.89,3.68,0,-0.5,81.36
9/23/2015,2:35:53,13.78,0.8,7.13,-33.8,66.35,3.69,0,-0.1,81.29
9/23/2015,2:40:53,13.77,0.8,7.13,-33.9,66.62,3.63,0,-0.4,81.37
9/23/2015,2:45:53,13.77,0.8,7.13,-33.8,66.7,3.67,0,-0.5,81.31
9/23/2015,2:50:53,13.77,0.799,7.13,-33.6,65.91,3.67,0,-0.4,81.26
9/23/2015,2:55:52,13.77,0.808,7.13,-33.8,66.48,3.76,0,-0.5,81.27
9/23/2015,3:00:53,13.77,0.805,7.13,-33.6,66.01,3.65,0,-0.4,81.26
9/23/2015,3:05:53,13.77,0.8,7.13,-33.7,65.98,3.62,0,-0.4,81.36
9/23/2015,3:10:53,13.77,0.801,7.13,-33.8,66.31,3.66,0,-0.3,81.1
9/23/2015,3:15:53,13.76,0.801,7.13,-33.8,66.38,3.66,0,-0.5,81.05
9/23/2015,3:20:53,13.76,0.801,7.13,-33.8,66.57,3.65,0,-0.4,81.01
9/23/2015,3:25:53,13.76,0.801,7.13,-33.7,66.15,3.67,0,-0.4,81.07
9/23/2015,3:30:53,13.76,0.801,7.13,-33.9,66.71,3.67,0,-0.5,81.24
9/23/2015,3:35:53,13.76,0.801,7.13,-33.7,66.18,3.64,0,-0.5,81.05
9/23/2015,3:40:54,13.76,0.801,7.14,-33.9,66.97,3.63,0,-0.3,81.26
9/23/2015,3:45:53,13.76,0.803,7.13,-33.6,66.18,3.72,0,-0.4,81.03
9/23/2015,3:50:53,13.76,0.802,7.13,-33.8,66.78,3.66,0,-0.4,81.21
9/23/2015,3:55:53,13.76,0.802,7.14,-33.9,66.95,3.74,0,0,81.02
9/23/2015,4:00:53,13.76,0.802,7.13,-33.9,66.81,3.68,0,-0.4,81.22
9/23/2015,4:05:53,13.76,0.803,7.13,-33.7,66.43,3.76,0,-0.5,80.99
9/23/2015,4:10:53,13.76,0.803,7.13,-33.9,66.89,3.7,0,-0.4,81.02
9/23/2015,4:15:53,13.76,0.802,7.13,-33.9,67.15,3.68,0,0.3,81.16
9/23/2015,4:20:53,13.76,0.802,7.13,-33.7,66.78,3.71,0,-0.2,81.05
9/23/2015,4:25:53,13.76,0.802,7.13,-33.9,67.34,3.71,0,-0.2,81.19
9/23/2015,4:30:53,13.76,0.802,7.13,-33.8,66.96,3.74,0,0.7,80.91
9/23/2015,4:35:53,13.76,0.802,7.13,-33.9,67.36,3.7,0,2.6,81.11
9/23/2015,4:40:53,13.75,0.802,7.13,-33.9,67.48,3.66,0,4,81.04
9/23/2015,4:45:53,13.75,0.801,7.13,-33.9,67.78,3.69,0,2.5,81.16
9/23/2015,4:50:53,13.75,0.803,7.13,-33.7,67.04,3.7,0,0.6,81.02
9/23/2015,4:55:53,13.75,0.804,7.13,-33.6,66.81,3.71,0,0.2,81.28
9/23/2015,5:00:53,13.75,0.803,7.13,-33.6,66.88,3.69,0,-0.1,81.11
9/23/2015,5:05:53,13.75,0.803,7.13,-33.7,67.25,3.73,0,0,81.16
9/23/2015,5:10:53,13.75,0.804,7.13,-33.7,67.23,3.69,0,-0.2,81.26
9/23/2015,5:15:53,13.75,0.804,7.13,-33.9,67.48,3.68,0,0,81.42
9/23/2015,5:20:53,13.75,0.804,7.13,-33.8,67.33,3.69,0,-0.2,81.37
9/23/2015,5:25:53,13.75,0.805,7.13,-33.9,67.54,3.68,0,-0.2,81.06
9/23/2015,5:30:53,13.75,0.805,7.13,-33.6,66.74,3.65,0,-0.2,81.31
9/23/2015,5:35:53,13.75,0.804,7.13,-33.6,66.72,3.7,0,-0.2,81.27
9/23/2015,5:40:53,13.75,0.804,7.13,-33.8,67.17,3.71,0,-0.3,81.23
9/23/2015,5:45:53,13.75,0.809,7.13,-33.7,66.61,3.69,0,-0.2,81.3
9/23/2015,5:50:53,13.75,0.806,7.13,-33.9,67.25,3.68,0,-0.3,81.47
9/23/2015,5:55:53,13.74,0.803,7.13,-33.8,67.21,3.68,0,-0.2,81.44
9/23/2015,6:00:53,13.74,0.803,7.14,-33.9,67.54,3.69,0,-0.1,81.44
9/23/2015,6:05:53,13.74,0.803,7.13,-33.8,67.37,3.66,0,0.3,81.48
9/23/2015,6:10:53,13.74,0.804,7.13,-33.8,67.3,3.66,0,0,81.53
9/23/2015,6:15:54,13.74,0.804,7.14,-33.9,67.68,3.66,0,-0.1,81.47
9/23/2015,6:20:54,13.74,0.805,7.13,-33.8,67.01,3.64,0,-0.3,81.53
9/23/2015,6:25:54,13.74,0.806,7.14,-33.9,67.58,3.65,0,-0.2,81.52
9/23/2015,6:30:53,13.74,0.806,7.13,-33.9,67.15,3.68,0,-0.2,81.55
9/23/2015,6:35:53,13.74,0.805,7.13,-33.9,67.3,3.68,0,-0.4,81.68
9/23/2015,6:40:53,13.74,0.808,7.13,-33.9,67.51,3.7,0,-0.4,81.66
9/23/2015,6:45:54,13.73,0.805,7.14,-34,68.01,3.63,0,-0.4,81.54
9/23/2015,6:50:54,13.73,0.805,7.13,-33.8,67.44,3.65,0,-0.2,81.58
9/23/2015,6:55:53,13.73,0.805,7.13,-33.8,67,3.7,0,-0.2,81.69
9/23/2015,7:00:54,13.73,0.805,7.13,-33.8,67.74,3.65,0,0.9,81.86
9/23/2015,7:05:53,13.73,0.806,7.14,-34,68.38,3.67,0,-0.3,81.85
9/23/2015,7:10:53,13.74,0.806,7.14,-33.9,67.96,3.67,0,-0.5,82.11
9/23/2015,7:15:54,13.74,0.806,7.14,-33.9,68.32,3.67,0,-0.5,82.2
9/23/2015,7:20:53,13.74,0.804,7.14,-34,68.16,3.76,0,-0.5,82.33
9/23/2015,7:25:53,13.74,0.809,7.14,-34,68.27,3.67,0,-0.4,82.35
9/23/2015,7:30:53,13.74,0.806,7.14,-33.9,67.96,3.66,0,-0.5,82.34
9/23/2015,7:35:53,13.75,0.806,7.13,-33.8,67.47,3.67,0,-0.4,82.5
9/23/2015,7:40:53,13.75,0.807,7.14,-34.1,68.07,3.64,0,-0.5,82.51
9/23/2015,7:45:53,13.75,0.806,7.14,-34.1,68.38,3.66,0,-0.5,82.74
9/23/2015,7:50:53,13.75,0.811,7.14,-33.9,68.04,3.67,0,-0.5,82.83
9/23/2015,7:55:53,13.76,0.812,7.14,-33.9,68.4,3.66,0,1.2,82.84
9/23/2015,8:00:53,13.76,0.812,7.13,-33.8,68.02,3.63,0,-0.1,82.98
9/23/2015,8:05:53,13.77,0.807,7.14,-33.9,68.49,3.67,0,-0.5,83.09
9/23/2015,8:10:53,13.78,0.806,7.14,-34.1,68.71,3.65,0,-0.5,83.09
9/23/2015,8:15:53,13.78,0.807,7.13,-33.8,67.86,3.61,0,-0.5,83.3
9/23/2015,8:20:53,13.79,0.806,7.14,-34,68.58,3.61,0,-0.3,83.12
9/23/2015,8:25:53,13.8,0.807,7.14,-33.9,68.4,3.6,0,-0.4,83.22
9/23/2015,8:30:53,13.81,0.807,7.14,-34,68.75,3.57,0,-0.5,83.32
9/23/2015,8:35:53,13.81,0.808,7.13,-33.8,67.66,3.68,0,-0.6,83.13
9/23/2015,8:40:53,13.82,0.808,7.13,-33.8,68.03,3.67,0,0,83.4
9/23/2015,8:45:54,13.83,0.809,7.13,-33.8,67.76,3.66,0,-0.7,83.54
9/23/2015,8:50:53,13.85,0.808,7.13,-33.7,67.89,3.7,0,-0.7,83.66
9/23/2015,8:55:53,13.85,0.808,7.13,-33.8,68.08,3.65,0,-0.6,84.07
9/23/2015,9:00:53,13.86,0.808,7.13,-33.6,67.75,3.65,0,-0.7,83.82
9/23/2015,9:05:53,13.86,0.809,7.13,-33.5,67.34,3.73,0,-0.6,84.05
9/23/2015,9:10:53,13.87,0.809,7.13,-33.4,67.18,3.64,0,-0.5,84.01
9/23/2015,9:15:54,13.88,0.809,7.13,-33.5,67.01,3.65,0,-0.5,84.11
9/23/2015,9:20:53,13.89,0.81,7.13,-33.4,67.27,3.69,0,-0.5,84.43
9/23/2015,9:25:53,13.91,0.809,7.13,-33.8,68.55,3.59,0,0.6,85.1
9/23/2015,9:30:53,13.94,0.809,7.13,-33.7,68.23,3.54,0,-0.6,85.6
9/23/2015,9:35:53,13.96,0.809,7.13,-33.7,68.24,3.53,0,-0.5,86.17
9/23/2015,9:40:53,13.98,0.809,7.13,-33.7,67.43,3.61,0,-0.6,86.56
9/23/2015,9:45:53,13.99,0.809,7.14,-33.9,68.38,3.55,0,-0.6,86.58
9/23/2015,9:50:53,13.98,0.81,7.13,-33.9,68.14,3.56,0,-0.6,86.42
9/23/2015,9:55:53,13.99,0.81,7.13,-33.8,67.71,3.59,0,-0.4,86.37
9/23/2015,10:00:52,13.99,0.81,7.13,-33.9,68.01,3.65,0,-0.5,86.43
9/23/2015,10:05:52,13.98,0.81,7.14,-33.9,67.9,3.58,0,-0.7,86.21
9/23/2015,10:10:53,13.98,0.81,7.13,-33.9,67.94,3.6,0,-0.6,85.77
9/23/2015,10:15:53,13.98,0.811,7.13,-33.7,67.37,3.61,0,-0.5,85.82
9/23/2015,10:20:53,13.98,0.809,7.13,-33.8,67.93,3.58,0,-0.5,85.64
9/23/2015,10:25:53,13.98,0.81,7.13,-33.6,67.58,3.59,0,-0.5,85.79
9/23/2015,10:30:52,13.99,0.809,7.13,-33.9,68.33,3.61,0,-0.7,85.75
9/23/2015,10:35:53,14,0.81,7.13,-33.7,68.1,3.61,0,-0.7,85.91
9/23/2015,10:40:53,14.01,0.81,7.13,-33.8,67.87,3.61,0,-0.7,86.28
9/23/2015,10:45:53,14.05,0.81,7.13,-33.8,67.47,3.64,0,-0.7,86.93
9/23/2015,10:50:53,14.09,0.81,7.14,-33.9,66.94,3.6,0,-0.7,87.51
9/23/2015,10:55:52,14.14,0.81,7.14,-34.2,68.38,3.58,0,-0.7,88.39
9/23/2015,11:00:52,14.19,0.81,7.14,-34.1,67.6,3.62,0,-0.8,89.27
9/23/2015,11:05:53,14.22,0.811,7.14,-34.2,67.09,3.6,0,-0.7,90.08
9/23/2015,11:10:53,14.25,0.812,7.14,-34.3,67.47,3.58,0,-0.6,90.65
9/23/2015,11:15:52,14.27,0.807,7.14,-34.4,67.3,3.61,0,-0.6,91.06
9/23/2015,11:20:52,14.3,0.811,7.15,-34.5,68.34,3.56,0,-0.7,91.55
9/23/2015,11:25:52,14.32,0.812,7.14,-34.4,67.87,3.5,0,-0.7,91.86
9/23/2015,11:30:52,14.35,0.811,7.15,-34.6,67.65,3.47,0,0.4,92.07
9/23/2015,11:35:53,14.37,0.811,7.14,-34.4,67.58,3.52,0,-0.7,92.14
9/23/2015,11:40:52,14.41,0.811,7.15,-34.6,68.1,3.51,0,-0.6,92.55
9/23/2015,11:45:52,14.44,0.812,7.15,-34.7,68.82,3.51,0,-0.6,93.37
9/23/2015,11:50:52,14.45,0.811,7.15,-34.7,68.19,3.51,0,-0.7,93.42
9/23/2015,11:55:52,14.47,0.811,7.15,-34.8,68.5,3.46,0,-0.6,93.62
9/23/2015,12:00:52,14.53,0.811,7.15,-34.9,68.89,3.47,0,-0.5,94.21
9/23/2015,12:05:52,14.56,0.811,7.15,-35,68.83,3.44,0,-0.5,94.58
9/23/2015,12:10:52,14.59,0.812,7.15,-35,68,3.48,0,-0.5,94.94
9/23/2015,12:15:53,14.64,0.812,7.16,-35.1,68.26,3.46,0,-0.6,95.57
9/23/2015,12:20:52,14.67,0.812,7.15,-35,68.13,3.44,0,-0.4,96.12
9/23/2015,12:25:53,14.7,0.813,7.15,-35,68.21,3.51,0,-0.5,96.35
9/23/2015,12:30:53,14.71,0.814,7.15,-35,68.19,3.43,0,-0.5,96.37
9/23/2015,12:35:53,14.69,0.814,7.15,-35,67.64,3.43,0,-0.6,96.14
9/23/2015,12:40:52,14.67,0.814,7.15,-34.9,67.26,3.43,0,-0.7,95.86
9/23/2015,12:45:52,14.68,0.816,7.16,-35.1,67.74,3.47,0,-0.5,95.73
9/23/2015,12:50:52,14.67,0.813,7.15,-35,67.19,3.48,0,-0.7,95.62
9/23/2015,12:55:52,14.67,0.813,7.15,-35,67.36,3.42,0,-0.7,95.62
9/23/2015,13:00:52,14.65,0.813,7.16,-35.1,67.93,3.45,0,0,95.18
9/23/2015,13:05:53,14.64,0.813,7.16,-35,68.06,3.52,0,-0.7,95.03
9/23/2015,13:10:52,14.62,0.815,7.15,-34.9,67.5,3.51,0,-0.7,94.76
9/23/2015,13:15:52,14.61,0.813,7.15,-35,67.93,3.47,0,-0.4,94.49
9/23/2015,13:20:52,14.59,0.816,7.15,-34.9,67.67,3.49,0,-0.4,94.37
9/23/2015,13:25:53,14.59,0.814,7.15,-34.9,68.24,3.48,0,-0.7,94.28
9/23/2015,13:30:53,14.57,0.813,7.15,-34.7,67.56,3.46,0,-0.7,94
9/23/2015,13:35:53,14.54,0.814,7.15,-34.7,67.6,3.52,0,-0.7,93.67
9/23/2015,13:40:53,14.52,0.814,7.15,-34.8,68.08,3.49,0,-0.7,93.4
9/23/2015,13:45:53,14.5,0.814,7.15,-34.6,67.74,3.51,0,-0.7,93.21
9/23/2015,13:50:53,14.48,0.814,7.15,-34.5,67.66,3.57,0,-0.6,92.76
9/23/2015,13:55:52,14.46,0.814,7.14,-34.4,67.63,3.56,0,-0.6,92.43
9/23/2015,14:00:52,14.46,0.813,7.15,-34.5,68.62,3.53,0,-0.6,92.39
9/23/2015,14:05:53,14.44,0.814,7.14,-34.3,68.2,3.53,0,0.3,92.01
9/23/2015,14:10:53,14.42,0.814,7.14,-34.2,67.86,3.56,0,-0.3,91.58
9/23/2015,14:15:53,14.4,0.814,7.14,-34.4,68.29,3.55,0,-0.4,91.44
9/23/2015,14:20:53,14.4,0.815,7.14,-34.3,68.09,3.56,0,-0.5,91.64
9/23/2015,14:25:53,14.43,0.817,7.14,-34.4,68.22,3.54,0,-0.4,92.12
9/23/2015,14:30:53,14.43,0.814,7.14,-34.4,68.64,3.55,0,-0.5,91.91
9/23/2015,14:35:53,14.4,0.814,7.14,-34.5,68.91,3.54,0,-0.5,91.29
9/23/2015,14:40:52,14.39,0.814,7.14,-34.4,69.13,3.57,0,-0.5,90.85
9/23/2015,14:45:53,14.35,0.815,7.14,-34.3,69.46,3.51,0,-0.4,90.1
9/23/2015,14:50:53,14.3,0.814,7.14,-34.2,69.21,3.54,0,-0.5,89.37
9/23/2015,14:55:53,14.28,0.815,7.14,-34.1,67.97,3.58,0,-0.5,88.99
9/23/2015,15:00:53,14.27,0.815,7.14,-34.1,67.68,3.54,0,-0.6,88.82
9/23/2015,15:05:53,14.27,0.815,7.14,-34.1,67.46,3.51,0,-0.6,88.7
9/23/2015,15:10:53,14.28,0.814,7.14,-33.9,67.23,3.54,0,-0.5,89.07
9/23/2015,15:15:53,14.29,0.814,7.14,-33.9,67.51,3.57,0,-0.5,89.29
9/23/2015,15:20:53,14.3,0.815,7.14,-34.1,67.44,3.58,0,-0.5,89.5
9/23/2015,15:25:53,14.3,0.815,7.14,-34.1,66.82,3.58,0,-0.5,89.67
9/23/2015,15:30:53,14.3,0.815,7.14,-34.1,67.34,3.53,0,-0.5,89.55
9/23/2015,15:35:53,14.28,0.815,7.14,-34,69.88,3.51,0,-0.5,89.21
9/23/2015,15:40:53,14.25,0.815,7.14,-34.1,70.3,3.54,0,-0.4,88.8
9/23/2015,15:45:53,14.22,0.815,7.13,-33.6,67.91,3.55,0,-0.2,88.03
9/23/2015,15:50:53,14.2,0.815,7.13,-33.9,67.96,3.53,0,-0.3,87.68
9/23/2015,15:55:53,14.19,0.816,7.14,-33.9,68.04,3.56,0,-0.4,87.62
9/23/2015,16:00:53,14.18,0.815,7.13,-33.8,67.44,3.55,0,-0.2,87.47
9/23/2015,16:05:53,14.16,0.817,7.13,-33.8,66.84,3.56,0,-0.5,87.16
9/23/2015,16:10:53,14.15,0.816,7.13,-33.8,67.01,3.55,0,-0.5,87.16
9/23/2015,16:15:53,14.14,0.815,7.13,-33.8,67.16,3.53,0,-0.5,87.04
9/23/2015,16:20:53,14.13,0.816,7.13,-33.8,67.54,3.56,0,-0.5,86.95
9/23/2015,16:25:53,14.13,0.817,7.13,-33.6,67.09,3.53,0,-0.6,87.11
9/23/2015,16:30:53,14.13,0.816,7.13,-33.7,67.85,3.53,0,-0.5,87.2
9/23/2015,16:35:53,14.14,0.815,7.13,-33.8,66.96,3.58,0,-0.6,87.32
9/23/2015,16:40:53,14.14,0.815,7.14,-33.9,67.67,3.55,0,-0.5,87.29
9/23/2015,16:45:53,14.12,0.815,7.14,-34,68.15,3.55,0,-0.5,87.08
9/23/2015,16:50:53,14.1,0.815,7.13,-33.8,68.06,3.54,0,-0.5,86.47
9/23/2015,16:55:53,14.07,0.815,7.13,-33.4,67.78,3.55,0,-0.5,85.75
9/23/2015,17:00:54,14.06,0.815,7.13,-33.5,67.94,3.47,0,-0.6,85.4
9/23/2015,17:05:53,14.06,0.815,7.13,-33.5,67.08,3.54,0,-0.6,85.33
9/23/2015,17:10:53,14.05,0.815,7.13,-33.7,68.16,3.54,0,-0.5,85.28
9/23/2015,17:15:53,14.05,0.814,7.13,-33.4,66.98,3.56,0,-0.6,85.47
9/23/2015,17:20:54,14.05,0.815,7.13,-33.6,67.24,3.54,0,-0.5,85.59
9/23/2015,17:25:54,14.05,0.815,7.13,-33.5,66.84,3.56,0,-0.5,85.46
9/23/2015,17:30:54,14.03,0.816,7.14,-33.9,68.53,3.53,0,-0.6,85.16
9/23/2015,17:35:53,14.02,0.815,7.13,-33.5,67.34,3.61,0,-0.5,84.81
9/23/2015,17:40:53,14.02,0.815,7.13,-33.6,67.76,3.6,0,-0.6,84.48
9/23/2015,17:45:53,14.01,0.815,7.13,-33.6,68.2,3.58,0,-0.5,84.45
9/23/2015,17:50:53,14,0.817,7.13,-33.6,68.36,3.6,0,-0.6,84.34
9/23/2015,17:55:53,13.99,0.815,7.13,-33.5,68.1,3.67,0,-0.2,84.2
9/23/2015,18:00:53,13.98,0.815,7.13,-33.6,68.42,3.58,0,-0.5,84.12
9/23/2015,18:05:53,13.97,0.815,7.13,-33.6,68.5,3.61,0,-0.5,84.1
9/23/2015,18:10:53,13.96,0.815,7.13,-33.5,68.36,3.59,0,-0.4,83.87
9/23/2015,18:15:53,13.95,0.815,7.13,-33.5,68.35,3.57,0,-0.6,83.63
9/23/2015,18:20:53,13.94,0.815,7.13,-33.4,68.22,3.6,0,-0.5,83.41
9/23/2015,18:30:53,13.91,0.815,7.12,-33.3,68.63,3.47,0,-0.6,82.89
9/23/2015,18:35:53,13.91,0.815,7.12,-33.1,68.17,3.63,0,-0.4,82.75
9/23/2015,18:45:53,13.89,0.818,7.12,-33.2,68.64,3.48,0,-0.4,82.41
9/23/2015,18:55:52,13.88,0.814,7.12,-33.1,68.45,3.48,0,-0.6,82.16
9/23/2015,19:05:52,13.87,0.815,7.12,-33.1,68.81,3.46,0,-0.4,81.83
9/23/2015,19:15:51,13.87,0.814,7.12,-33.1,68.8,3.49,0,-0.5,81.74
9/23/2015,19:25:50,13.86,0.814,7.12,-33,68.41,3.5,0,-0.5,81.67
9/23/2015,19:35:50,13.85,0.819,7.12,-33.1,68.7,3.44,0,-0.4,81.69
9/23/2015,19:45:50,13.85,0.815,7.12,-33.2,68.56,3.45,0,-0.4,81.58
9/23/2015,19:55:50,13.84,0.817,7.12,-33.1,68.58,3.46,0,-0.5,81.58
9/23/2015,20:05:50,13.84,0.815,7.12,-33,68.86,3.45,0,-0.5,81.53
9/23/2015,20:15:49,13.83,0.815,7.12,-33,69.17,3.53,0,-0.3,81.52
